detector,catalog,baseline,win,k_or_mult,h,onset,maglat_bins,channel,POD,FAR,n_det,n_hit,n_fa,n_fa_saa,fa_maglat_median,fa_maglat_p10,fa_maglat_p90,tp_maglat_median,fa_bmag_median,detected,youden,f1,criterion,score,n_channels_in_group,rank_of_best,n_excluded_far_nan,n_excluded_low_nhit
gk2a,swpc,blc1_fixed,,,,0.1,,PD2A-F,0.608,0.641,552,73,354,,,,,,,True,-0.03300000000000003,0.2668783221492652,youden,-0.03300000000000003,48,1,0,17
gk2a,swpc,blc1_lowe,1.0,1.25,,0.1,,PD3A-FTUO,0.958,0.768,1167,115,896,,,,,,,True,0.18999999999999995,0.20335235127886608,youden,0.18999999999999995,48,1,0,154
gk2a,swpc,quietoff,1.0,5.0,,1.0,,PD3B-FTUO,0.775,0.625,549,93,343,,,,,,,True,0.15000000000000002,0.3345323741007194,youden,0.15000000000000002,48,1,0,2072
metop03,swpc,blc1_fixed,,,,0.1,,ele_tel0_e1,0.126,0.588,68,20,40,1.0,56.6,-55.22,77.33,72.8,38941.7,True,-0.46199999999999997,0.18287373004354135,youden,-0.46199999999999997,8,1,30,54
metop03,swpc,blc1_lowe,5.0,1.25,,0.1,,ele_tel90_e3,0.547,0.623,655,87,408,62.0,-38.25,-70.09,46.9,-15.0,36569.5,True,-0.07599999999999996,0.2660349670873339,youden,-0.07599999999999996,16,1,0,278
metop03,swpc,quietoff,1.0,0.0,,0.7,,pro_tel90_p6,1.0,0.815,4640,159,3783,178.0,-38.9,-74.5,52.6,-18.1,37613.9,True,0.18500000000000005,0.07754206291148501,youden,0.18500000000000005,22,1,24,1845
noaa19,swpc,blc1_fixed,,,,0.1,,ele_tel0_e1,0.101,0.627,67,16,42,0.0,70.25,-6.85,79.18,64.8,39037.15,True,-0.526,0.14786348247781134,youden,-0.526,8,1,0,84
noaa19,swpc,blc1_lowe,7.0,1.25,,0.1,,ele_tel90_e3,0.585,0.651,794,93,517,60.0,-39.6,-71.0,45.34,-37.1,35230.2,True,-0.06600000000000006,0.2418806268756252,youden,-0.06600000000000006,15,1,0,314
noaa19,swpc,quietoff,3.0,0.0,,1.0,,pro_tel90_p6,0.843,0.795,3945,134,3135,140.0,-17.9,-72.9,52.76,-12.25,36262.6,True,0.04799999999999993,0.07818069761333699,youden,0.04799999999999993,22,1,54,1679
