phys_ts,ap_pub_wall_ts,n_channels,resample_ms,z_eval_ms,bg_update_ms,dds_transport_ms,fsm_eval_ms,node_latency_ms,from_state,ap_state,rpn_result,counter,trigger_channels
1641772800.0,1787418260.546271,1,3.6048,0.1067,0.0594,1.77,0.0348,0.34,NOMINAL,NOMINAL,STALE,0,
1641773700.0,1787418260.6705544,1,3.426,0.1102,,2.794,0.0564,0.535,NOMINAL,NOMINAL,STALE,0,
1641774600.0,1787418260.795094,1,3.451,0.115,,1.886,0.0806,0.789,NOMINAL,NOMINAL,STALE,0,
1641775500.0,1787418260.9224665,1,4.2428,0.1598,,2.383,0.1135,0.921,NOMINAL,NOMINAL,STALE,0,
1641776400.0,1787418261.0482018,1,4.4907,0.1622,,2.737,0.1122,0.992,NOMINAL,NOMINAL,STALE,0,
1641777300.0,1787418261.1672487,1,1.9885,0.084,,1.593,0.0541,0.46,NOMINAL,NOMINAL,STALE,0,
1641778200.0,1787418261.2995987,1,4.557,0.2253,,3.484,0.125,1.083,NOMINAL,NOMINAL,STALE,0,
1641779100.0,1787418261.421993,1,4.2813,0.1589,,2.453,0.1032,0.895,NOMINAL,NOMINAL,STALE,0,
1641780000.0,1787418261.5471833,1,4.1983,0.1648,,2.429,0.1048,0.875,NOMINAL,NOMINAL,STALE,0,
1641780900.0,1787418261.6709118,1,3.9532,0.1612,,2.133,0.0993,0.823,NOMINAL,NOMINAL,STALE,0,
1641781800.0,1787418261.7954814,1,3.8145,0.1533,,2.066,0.1067,0.879,NOMINAL,NOMINAL,STALE,0,
1641782700.0,1787418261.9203038,1,3.8158,0.149,,1.865,0.0994,0.751,NOMINAL,NOMINAL,STALE,0,
1641783600.0,1787418262.0493875,1,4.5326,0.175,,3.484,0.1337,1.09,NOMINAL,NOMINAL,STALE,0,
1641784500.0,1787418262.1718764,1,4.2236,0.1653,,2.476,0.1196,0.91,NOMINAL,NOMINAL,STALE,0,
1641785400.0,1787418262.2998745,1,4.344,0.1912,,3.639,0.124,1.206,NOMINAL,NOMINAL,STALE,0,
1641786300.0,1787418262.4231136,1,4.4071,0.1677,,2.917,0.1306,1.032,NOMINAL,NOMINAL,STALE,0,
1641787200.0,1787418262.5473967,1,4.2621,0.1588,,2.828,0.1631,0.975,NOMINAL,NOMINAL,STALE,0,
1641788100.0,1787418262.6715534,1,3.9901,0.1651,,2.523,0.1213,0.917,NOMINAL,NOMINAL,STALE,0,
1641789000.0,1787418262.7962313,1,3.9268,0.1572,,2.548,0.111,0.851,NOMINAL,NOMINAL,STALE,0,
1641789900.0,1787418262.9202569,1,3.8142,0.1515,,1.915,0.1173,0.891,NOMINAL,NOMINAL,STALE,0,
1641790800.0,1787418263.0457532,1,3.8561,0.153,,2.277,0.1078,0.797,NOMINAL,NOMINAL,STALE,0,
1641791700.0,1787418263.171313,1,3.9338,0.153,,2.461,0.1623,0.938,NOMINAL,NOMINAL,STALE,0,
1641792600.0,1787418263.299571,1,4.6609,0.2249,,3.484,0.1339,1.116,NOMINAL,NOMINAL,STALE,0,
1641793500.0,1787418263.4239357,1,4.4881,0.1829,,3.388,0.1349,0.989,NOMINAL,NOMINAL,STALE,0,
1641794400.0,1787418263.5493124,1,4.6993,0.1836,,3.152,0.133,0.93,NOMINAL,NOMINAL,STALE,0,
1641795300.0,1787418263.67491,1,4.5952,0.1802,,3.636,0.1292,1.104,NOMINAL,NOMINAL,STALE,0,
1641796200.0,1787418263.7983885,1,4.5342,0.1579,,3.133,0.1174,0.971,NOMINAL,NOMINAL,STALE,0,
1641797100.0,1787418263.9214787,1,4.31,0.1686,,2.088,0.1182,0.865,NOMINAL,NOMINAL,STALE,0,
1641798000.0,1787418264.046074,1,4.0255,0.1308,,2.275,0.1017,0.784,NOMINAL,NOMINAL,STALE,0,
1641798900.0,1787418264.1717181,1,4.2276,0.1598,,2.53,0.1118,0.898,NOMINAL,NOMINAL,STALE,0,
1641799800.0,1787418264.2995467,1,4.6087,0.2172,,3.569,0.1235,1.102,NOMINAL,NOMINAL,STALE,0,
1641800700.0,1787418264.4236119,1,4.4183,0.1525,,3.227,0.1165,0.998,NOMINAL,NOMINAL,STALE,0,
1641801600.0,1787418264.5440252,1,2.8016,0.0867,,1.418,0.0533,0.476,NOMINAL,NOMINAL,STALE,0,
1641802500.0,1787418264.6750379,1,4.5607,0.1786,,4.212,0.1252,1.144,NOMINAL,NOMINAL,STALE,0,
1641803400.0,1787418264.795121,1,2.4892,0.1618,,3.343,0.1345,1.037,NOMINAL,NOMINAL,STALE,0,
1641804300.0,1787418264.9214551,1,4.4309,0.1639,,1.859,0.1402,0.858,NOMINAL,NOMINAL,STALE,0,
1641805200.0,1787418265.0473268,1,4.0396,0.148,,2.788,0.0527,0.455,NOMINAL,NOMINAL,STALE,0,
1641806100.0,1787418265.172088,1,4.3081,0.1583,,2.525,0.1125,0.973,NOMINAL,NOMINAL,STALE,0,
1641807000.0,1787418265.2921324,1,1.9776,0.0836,,1.595,0.053,0.47,NOMINAL,NOMINAL,STALE,0,
1641807900.0,1787418265.4253125,1,4.5702,0.175,,4.243,0.1233,1.038,NOMINAL,NOMINAL,STALE,0,
1641808800.0,1787418265.5433383,1,3.6796,0.107,,0.675,0.0294,0.252,NOMINAL,NOMINAL,STALE,0,
1641809700.0,1787418265.6696434,1,3.6074,0.1229,,1.633,0.0907,0.726,NOMINAL,NOMINAL,STALE,0,
1641810600.0,1787418265.79639,1,4.2343,0.1648,,2.332,0.1014,0.916,NOMINAL,NOMINAL,STALE,0,
1641811500.0,1787418265.9234161,1,4.5463,0.181,,2.36,0.1248,0.968,NOMINAL,NOMINAL,STALE,0,
1641812400.0,1787418266.047723,1,4.1693,0.1705,,3.098,0.1232,0.982,NOMINAL,NOMINAL,STALE,0,
1641813300.0,1787418266.1671784,1,1.9557,0.0827,,1.534,0.0509,0.451,NOMINAL,NOMINAL,STALE,0,
1641814200.0,1787418266.3001058,1,4.6003,0.1862,,3.817,0.1225,1.058,NOMINAL,NOMINAL,STALE,0,
1641815100.0,1787418266.4243124,1,4.599,0.1842,,3.278,0.1235,0.967,NOMINAL,NOMINAL,STALE,0,
1641816000.0,1787418266.5486195,1,4.4936,0.1761,,3.315,0.1205,0.874,NOMINAL,NOMINAL,STALE,0,
1641816900.0,1787418266.6729426,1,4.3704,0.1597,,2.979,0.1734,1.053,NOMINAL,NOMINAL,STALE,0,
1641817800.0,1787418266.7994936,1,4.5382,0.1744,,3.425,0.1284,1.236,NOMINAL,NOMINAL,STALE,0,
1641818700.0,1787418266.9228866,1,4.4919,0.1795,,2.529,0.1303,1.01,NOMINAL,NOMINAL,STALE,0,
1641819600.0,1787418267.0472343,1,4.3971,0.1616,,2.445,0.1243,0.975,NOMINAL,NOMINAL,STALE,0,
1641820500.0,1787418267.171417,1,4.1684,0.1521,,2.221,0.1176,0.933,NOMINAL,NOMINAL,STALE,0,
1641821400.0,1787418267.3007576,1,4.5512,0.1842,,4.372,0.183,1.194,NOMINAL,NOMINAL,STALE,0,
1641822300.0,1787418267.4239976,1,4.6174,0.172,,3.174,0.122,1.07,NOMINAL,NOMINAL,STALE,0,
1641823200.0,1787418267.5477893,1,4.492,0.1637,,2.764,0.122,0.949,NOMINAL,NOMINAL,STALE,0,
1641824100.0,1787418267.6716793,1,4.2297,0.1677,,2.331,0.1171,0.887,NOMINAL,NOMINAL,STALE,0,
1641825000.0,1787418267.7972822,1,4.2591,0.1685,,2.803,0.1165,0.908,NOMINAL,NOMINAL,STALE,0,
1641825900.0,1787418267.9215472,1,4.2418,0.1674,,2.39,0.1116,0.857,NOMINAL,NOMINAL,STALE,0,
1641826800.0,1787418268.0474463,1,4.2685,0.1713,,3.161,0.1129,0.95,NOMINAL,NOMINAL,STALE,0,
1641827700.0,1787418268.1710672,1,4.0758,0.1661,,2.191,0.1151,0.886,NOMINAL,NOMINAL,STALE,0,
1641828600.0,1787418268.2987404,1,4.3742,0.1815,,3.709,0.123,1.127,NOMINAL,NOMINAL,STALE,0,
1641829500.0,1787418268.4236934,1,4.5179,0.1749,,3.374,0.1271,1.089,NOMINAL,NOMINAL,STALE,0,
1641830400.0,1787418268.5470133,1,4.2803,0.17,,2.501,0.1157,0.932,NOMINAL,NOMINAL,STALE,0,
1641831300.0,1787418268.672171,1,4.2204,0.1607,,2.781,0.1109,0.979,NOMINAL,NOMINAL,STALE,0,
1641832200.0,1787418268.796235,1,4.0648,0.1607,,2.344,0.1122,0.893,NOMINAL,NOMINAL,STALE,0,
1641833100.0,1787418268.9212933,1,4.1886,0.1603,,2.135,0.1177,0.892,NOMINAL,NOMINAL,STALE,0,
1641834000.0,1787418269.0470285,1,4.3153,0.1662,,2.636,0.1197,0.938,NOMINAL,NOMINAL,STALE,0,
1641834900.0,1787418269.1711655,1,4.1414,0.1588,,2.15,0.11,0.874,NOMINAL,NOMINAL,STALE,0,
1641835800.0,1787418269.2957916,1,3.9612,0.1485,,2.171,0.1211,0.839,NOMINAL,NOMINAL,STALE,0,
1641836700.0,1787418269.425759,1,4.575,0.1749,,3.471,0.1536,2.271,NOMINAL,NOMINAL,STALE,0,
1641837600.0,1787418269.5495245,1,4.5874,0.1852,,3.088,0.1293,1.004,NOMINAL,NOMINAL,STALE,0,
1641838500.0,1787418269.6733942,1,4.4604,0.1783,,3.28,0.1312,1.057,NOMINAL,NOMINAL,STALE,0,
1641839400.0,1787418269.7975042,1,4.5594,0.1775,,2.786,0.1147,0.867,NOMINAL,NOMINAL,STALE,0,
1641840300.0,1787418269.9208446,1,4.1859,0.1597,,1.879,0.1142,0.812,NOMINAL,NOMINAL,STALE,0,
1641841200.0,1787418270.0470686,1,4.0696,0.1632,,2.715,0.1127,0.956,NOMINAL,NOMINAL,STALE,0,
1641842100.0,1787418270.1730802,1,4.4124,0.167,,2.881,0.1154,1.059,NOMINAL,NOMINAL,STALE,0,
1641843000.0,1787418270.2967331,1,4.1711,0.1612,,2.463,0.1157,0.837,NOMINAL,NOMINAL,STALE,0,
1641843900.0,1787418270.422933,1,4.3382,0.1696,,3.218,0.1317,1.051,NOMINAL,NOMINAL,STALE,0,
1641844800.0,1787418270.5478098,1,3.9807,0.1617,,3.305,0.0574,0.486,NOMINAL,NOMINAL,STALE,0,
1641845700.0,1787418270.6993852,1,4.2662,0.148,,28.551,0.1297,1.192,NOMINAL,NOMINAL,STALE,0,
1641846600.0,1787418270.7971113,1,4.2067,0.1584,,2.661,0.1132,0.908,NOMINAL,NOMINAL,STALE,0,
1641847500.0,1787418270.924693,1,4.5855,0.19,,3.55,0.1265,1.05,NOMINAL,NOMINAL,STALE,0,
1641848400.0,1787418271.04496,1,3.1701,0.1475,,2.7,0.1118,0.931,NOMINAL,NOMINAL,STALE,0,
1641849300.0,1787418271.1677732,1,2.4752,0.1167,,1.612,0.0534,0.463,NOMINAL,NOMINAL,STALE,0,
1641850200.0,1787418271.3006968,1,4.5973,0.186,,3.835,0.1232,1.256,NOMINAL,NOMINAL,STALE,0,
1641851100.0,1787418271.4246275,1,4.6322,0.1815,,3.576,0.1238,1.038,NOMINAL,NOMINAL,STALE,0,
1641852000.0,1787418271.5473044,1,4.1737,0.1821,,3.02,0.1181,1.013,NOMINAL,NOMINAL,STALE,0,
1641852900.0,1787418271.675211,1,5.1644,0.1826,,3.603,0.1435,1.159,NOMINAL,NOMINAL,STALE,0,
1641853800.0,1787418271.8006775,1,4.8912,0.2198,,3.674,0.1239,1.049,NOMINAL,NOMINAL,STALE,0,
1641854700.0,1787418271.9268398,1,6.6329,0.1937,,3.487,0.1259,1.115,NOMINAL,NOMINAL,STALE,0,
1641855600.0,1787418272.050163,1,4.6384,0.2174,,3.756,0.1241,1.031,NOMINAL,NOMINAL,STALE,0,
1641856500.0,1787418272.1759465,1,4.9689,0.1858,,3.319,0.1312,1.016,NOMINAL,NOMINAL,STALE,0,
1641857400.0,1787418272.300555,1,4.6758,0.2314,,3.868,0.1138,1.034,NOMINAL,NOMINAL,STALE,0,
1641858300.0,1787418272.4271502,1,5.0201,0.1783,,4.357,0.1237,1.1,NOMINAL,NOMINAL,STALE,0,
1641859200.0,1787418272.5542939,1,4.446,0.5794,1.5737,3.33,0.1857,1.05,NOMINAL,NOMINAL,NORMAL,0,
1641860100.0,1787418272.6748884,1,4.444,0.4787,,3.664,0.1293,1.176,NOMINAL,NOMINAL,NORMAL,0,
1641861000.0,1787418272.7925432,1,2.0292,0.2721,,1.685,0.0634,0.549,NOMINAL,NOMINAL,NORMAL,0,
1641861900.0,1787418272.9249399,1,4.4895,0.4674,,3.456,0.131,1.348,NOMINAL,NOMINAL,NORMAL,0,
1641862800.0,1787418273.0492845,1,4.5068,0.4705,,3.342,0.1357,1.072,NOMINAL,NOMINAL,TRIGGERED,1,omni_p6
1641863700.0,1787418273.1771243,1,4.4896,0.4606,,3.601,0.1914,3.329,NOMINAL,PRE_ALERT,TRIGGERED,2,omni_p6
1641864600.0,1787418273.2966173,1,2.1427,0.2374,,1.788,0.082,3.254,PRE_ALERT,NOMINAL,NORMAL,0,
1641865500.0,1787418273.4264772,1,4.518,0.4821,,4.79,0.1382,1.327,NOMINAL,NOMINAL,NORMAL,0,
1641866400.0,1787418273.5530982,1,5.5618,0.5627,,4.472,0.1224,1.039,NOMINAL,NOMINAL,NORMAL,0,
1641867300.0,1787418273.6773722,1,5.7128,0.4708,,3.648,0.1341,1.239,NOMINAL,NOMINAL,NORMAL,0,
1641868200.0,1787418273.8011508,1,5.2507,0.619,,3.752,0.1304,1.113,NOMINAL,NOMINAL,TRIGGERED,1,omni_p6
1641869100.0,1787418273.9268112,1,5.241,0.467,,2.751,0.1977,3.595,NOMINAL,PRE_ALERT,TRIGGERED,2,omni_p6
1641870000.0,1787418274.0532222,1,4.9946,0.5372,,3.536,0.2001,3.749,PRE_ALERT,NOMINAL,NORMAL,0,
1641870900.0,1787418274.1761591,1,5.0005,0.4679,,3.635,0.127,1.064,NOMINAL,NOMINAL,NORMAL,0,
1641871800.0,1787418274.3011143,1,4.9072,0.6606,,3.659,0.1235,1.12,NOMINAL,NOMINAL,NORMAL,0,
1641872700.0,1787418274.426038,1,5.2889,0.4707,,3.593,0.134,1.069,NOMINAL,NOMINAL,NORMAL,0,
1641873600.0,1787418274.5507882,1,4.9352,0.6064,,3.577,0.1229,1.077,NOMINAL,NOMINAL,NORMAL,0,
1641874500.0,1787418274.6769316,1,5.2602,0.4799,,3.681,0.1388,1.791,NOMINAL,NOMINAL,NORMAL,0,
1641875400.0,1787418274.8002212,1,4.4604,0.5904,,3.525,0.1297,1.04,NOMINAL,NOMINAL,TRIGGERED,1,omni_p6
1641876300.0,1787418274.925942,1,5.2186,0.5412,,3.508,0.1286,1.053,NOMINAL,NOMINAL,NORMAL,0,
1641877200.0,1787418275.0510764,1,4.9225,0.4879,,4.063,0.1249,1.124,NOMINAL,NOMINAL,NORMAL,0,
1641878100.0,1787418275.169416,1,2.4237,0.2317,,1.478,0.0539,0.472,NOMINAL,NOMINAL,NORMAL,0,
1641879000.0,1787418275.2900627,1,1.3053,0.1962,,0.92,0.0328,0.3,NOMINAL,NOMINAL,NORMAL,0,
1641879900.0,1787418275.4154022,1,1.4687,0.1638,,0.962,0.036,0.308,NOMINAL,NOMINAL,NORMAL,0,
1641880800.0,1787418275.5403118,1,1.4078,0.2016,,0.978,0.0337,0.304,NOMINAL,NOMINAL,NORMAL,0,
1641881700.0,1787418275.6662643,1,1.9701,0.2916,,0.987,0.0344,0.329,NOMINAL,NOMINAL,NORMAL,0,
1641882600.0,1787418275.7922883,1,2.5171,0.2854,,1.006,0.0383,0.337,NOMINAL,NOMINAL,NORMAL,0,
1641883500.0,1787418275.9161108,1,1.7546,0.2415,,1.223,0.0337,0.304,NOMINAL,NOMINAL,NORMAL,0,
1641884400.0,1787418276.0464146,1,4.0847,0.1515,,0.943,0.0354,0.325,NOMINAL,NOMINAL,NORMAL,0,
1641885300.0,1787418276.1701639,1,2.421,0.2406,,3.107,0.135,1.18,NOMINAL,NOMINAL,NORMAL,0,
1641886200.0,1787418276.3010874,1,4.5027,0.6217,,3.714,0.1379,1.512,NOMINAL,NOMINAL,NORMAL,0,
1641887100.0,1787418276.433031,1,7.289,0.6403,,5.983,0.1347,1.399,NOMINAL,NOMINAL,NORMAL,0,
1641888000.0,1787418276.5526052,1,5.3163,0.4999,,4.407,0.1494,1.925,NOMINAL,NOMINAL,TRIGGERED,1,omni_p6
1641888900.0,1787418276.6652522,1,1.3252,0.1534,,1.079,0.0388,0.327,NOMINAL,NOMINAL,NORMAL,0,
1641889800.0,1787418276.7904701,1,1.3813,0.3718,,0.986,0.0345,0.319,NOMINAL,NOMINAL,NORMAL,0,
1641890700.0,1787418276.9157462,1,1.2475,0.1582,,1.319,0.0337,0.686,NOMINAL,NOMINAL,TRIGGERED,1,omni_p6
1641891600.0,1787418277.0410202,1,1.2481,0.1882,,0.989,0.0523,1.242,NOMINAL,PRE_ALERT,TRIGGERED,2,omni_p6
1641892500.0,1787418277.1781583,1,4.5835,0.8244,,3.364,0.1878,4.061,PRE_ALERT,NOMINAL,NORMAL,0,
1641893400.0,1787418277.2999055,1,4.5653,0.507,,3.748,0.1591,1.228,NOMINAL,NOMINAL,NORMAL,0,
1641894300.0,1787418277.4252841,1,4.4457,0.4968,,3.555,0.1396,1.697,NOMINAL,NOMINAL,NORMAL,0,
1641895200.0,1787418277.5500717,1,4.522,0.476,,3.942,0.1493,1.223,NOMINAL,NOMINAL,NORMAL,0,
1641896100.0,1787418277.6741533,1,4.5487,0.4597,,3.216,0.1255,1.114,NOMINAL,NOMINAL,NORMAL,0,
1641897000.0,1787418277.7980597,1,4.4266,0.451,,2.896,0.1149,1.083,NOMINAL,NOMINAL,TRIGGERED,1,omni_p6
1641897900.0,1787418277.9216979,1,4.0423,0.4153,,2.666,0.1072,0.994,NOMINAL,NOMINAL,NORMAL,0,
1641898800.0,1787418278.0461712,1,3.7378,0.3815,,2.878,0.1016,0.765,NOMINAL,NOMINAL,NORMAL,0,
1641899700.0,1787418278.170775,1,3.6348,0.393,,2.184,0.1107,0.834,NOMINAL,NOMINAL,NORMAL,0,
1641900600.0,1787418278.2958796,1,3.6621,0.3902,,1.958,0.6899,1.489,NOMINAL,NOMINAL,NORMAL,0,
1641901500.0,1787418278.4209867,1,3.8303,0.4006,,2.46,0.1131,0.79,NOMINAL,NOMINAL,NORMAL,0,
1641902400.0,1787418278.5462716,1,3.8485,0.4694,,2.3,0.1139,0.925,NOMINAL,NOMINAL,TRIGGERED,1,omni_p6
1641903300.0,1787418278.6756613,1,4.3014,0.4428,,2.931,0.197,3.775,NOMINAL,PRE_ALERT,TRIGGERED,2,omni_p6
1641904200.0,1787418278.8012276,1,4.4402,0.4591,,3.257,0.1947,3.56,PRE_ALERT,NOMINAL,NORMAL,0,
1641905100.0,1787418278.9212792,1,3.9711,0.4249,,2.311,0.0982,0.818,NOMINAL,NOMINAL,NORMAL,0,
1641906000.0,1787418279.0457885,1,3.5694,0.3824,,2.681,0.1065,0.817,NOMINAL,NOMINAL,NORMAL,0,
1641906900.0,1787418279.1702497,1,3.4742,0.3783,,2.287,0.0929,0.734,NOMINAL,NOMINAL,NORMAL,0,
1641907800.0,1787418279.295333,1,3.6304,0.3933,,2.09,0.1017,0.798,NOMINAL,NOMINAL,NORMAL,0,
1641908700.0,1787418279.4210198,1,3.6693,0.3967,,2.659,0.1031,0.779,NOMINAL,NOMINAL,TRIGGERED,1,omni_p6
1641909600.0,1787418279.5521734,1,4.3723,0.4267,,3.64,0.2077,3.198,NOMINAL,PRE_ALERT,TRIGGERED,2,omni_p6
1641910500.0,1787418279.666036,1,1.2668,0.1555,,0.981,0.0558,1.28,PRE_ALERT,NOMINAL,NORMAL,0,
1641911400.0,1787418279.7948694,1,3.7959,0.1544,,0.958,0.0469,0.458,NOMINAL,NOMINAL,NORMAL,0,
1641912300.0,1787418279.9238281,1,4.5104,0.4553,,3.16,0.1211,0.95,NOMINAL,NOMINAL,NORMAL,0,
1641913200.0,1787418280.0469902,1,4.3105,0.4288,,2.55,0.115,0.884,NOMINAL,NOMINAL,NORMAL,0,
1641914100.0,1787418280.1717997,1,3.9923,0.4318,,2.643,0.112,0.838,NOMINAL,NOMINAL,NORMAL,0,
1641915000.0,1787418280.2954018,1,3.7086,0.4019,,2.015,0.1108,0.816,NOMINAL,NOMINAL,TRIGGERED,1,omni_p6
1641915900.0,1787418280.4211347,1,3.859,0.4289,,2.255,0.1136,0.853,NOMINAL,NOMINAL,NORMAL,0,
1641916800.0,1787418280.5474832,1,3.8837,0.4287,,3.042,0.1229,0.979,NOMINAL,NOMINAL,NORMAL,0,
1641917700.0,1787418280.6738362,1,4.429,0.4712,,2.947,0.1245,0.989,NOMINAL,NOMINAL,NORMAL,0,
1641918600.0,1787418280.7980905,1,4.3574,0.4514,,2.976,0.129,1.043,NOMINAL,NOMINAL,NORMAL,0,
1641919500.0,1787418280.9221387,1,4.1728,0.4344,,2.941,0.1157,0.923,NOMINAL,NOMINAL,NORMAL,0,
1641920400.0,1787418281.0473444,1,3.8958,0.436,,2.972,0.1176,1.095,NOMINAL,NOMINAL,NORMAL,0,
1641921300.0,1787418281.1676085,1,2.2327,0.2216,,1.59,0.0561,0.46,NOMINAL,NOMINAL,NORMAL,0,
1641922200.0,1787418281.300356,1,4.5889,0.4842,,3.852,0.1345,1.091,NOMINAL,NOMINAL,NORMAL,0,
1641923100.0,1787418281.4242837,1,4.3358,0.4165,,3.23,0.1247,0.974,NOMINAL,NOMINAL,NORMAL,0,
1641924000.0,1787418281.547676,1,4.3064,0.4522,,2.756,0.1129,0.825,NOMINAL,NOMINAL,NORMAL,0,
1641924900.0,1787418281.671976,1,3.9418,0.4396,,2.876,0.1233,1.128,NOMINAL,NOMINAL,NORMAL,0,
1641925800.0,1787418281.7971277,1,4.1496,0.4527,,2.754,0.1247,0.928,NOMINAL,NOMINAL,NORMAL,0,
1641926700.0,1787418281.9211283,1,4.0455,0.4551,,2.085,0.1139,0.894,NOMINAL,NOMINAL,NORMAL,0,
1641927600.0,1787418282.0460446,1,3.8634,0.4535,,2.335,0.115,0.901,NOMINAL,NOMINAL,NORMAL,0,
1641928500.0,1787418282.1660151,1,1.5849,0.2458,,1.208,0.0496,0.426,NOMINAL,NOMINAL,NORMAL,0,
1641929400.0,1787418282.2997222,1,4.5617,0.5084,,3.503,0.13,1.078,NOMINAL,NOMINAL,NORMAL,0,
1641930300.0,1787418282.4245648,1,4.7318,0.5008,,3.592,0.1226,1.152,NOMINAL,NOMINAL,NORMAL,0,
1641931200.0,1787418282.5492349,1,4.619,0.4557,,3.394,0.1292,1.025,NOMINAL,NOMINAL,NORMAL,0,
1641932100.0,1787418282.671844,1,4.0858,0.4389,,2.486,0.1263,0.923,NOMINAL,NOMINAL,NORMAL,0,
1641933000.0,1787418282.7967243,1,3.9605,0.4182,,2.924,0.1256,0.907,NOMINAL,NOMINAL,NORMAL,0,
1641933900.0,1787418282.919834,1,3.5977,0.3896,,1.77,0.1184,0.805,NOMINAL,NOMINAL,NORMAL,0,
1641934800.0,1787418283.044574,1,3.3245,0.366,,1.931,0.1048,0.753,NOMINAL,NOMINAL,NORMAL,0,
1641935700.0,1787418283.1699345,1,3.1796,0.3934,,1.911,0.1155,0.876,NOMINAL,NOMINAL,TRIGGERED,1,omni_p6
1641936600.0,1787418283.2969394,1,3.8449,0.4179,,2.977,0.1306,0.995,NOMINAL,NOMINAL,NORMAL,0,
1641937500.0,1787418283.4207695,1,3.678,0.4093,,2.466,0.1203,0.904,NOMINAL,NOMINAL,NORMAL,0,
1641938400.0,1787418283.5446985,1,3.3993,0.3886,,2.037,0.1005,0.791,NOMINAL,NOMINAL,NORMAL,0,
1641939300.0,1787418283.6695364,1,3.1305,0.4061,,1.954,0.1051,0.767,NOMINAL,NOMINAL,NORMAL,0,
1641940200.0,1787418283.7970047,1,3.9302,0.4199,,2.914,0.119,1.001,NOMINAL,NOMINAL,NORMAL,0,
1641941100.0,1787418283.919683,1,3.4526,0.3918,,1.722,0.1052,0.788,NOMINAL,NOMINAL,NORMAL,0,
1641942000.0,1787418284.0443187,1,3.1086,0.3732,,1.893,0.1091,0.749,NOMINAL,NOMINAL,TRIGGERED,1,omni_p6
1641942900.0,1787418284.1693983,1,3.1237,0.3882,,1.871,0.1091,0.74,NOMINAL,NOMINAL,NORMAL,0,
1641943800.0,1787418284.2967505,1,3.8574,0.4303,,2.634,0.1177,0.947,NOMINAL,NOMINAL,NORMAL,0,
1641944700.0,1787418284.4210274,1,3.8654,0.4305,,2.353,0.1248,0.898,NOMINAL,NOMINAL,NORMAL,0,
1641945600.0,1787418284.5472775,1,3.5744,0.3671,1.6016,2.171,0.1216,0.943,NOMINAL,NOMINAL,NORMAL,0,
1641946500.0,1787418284.6706495,1,3.682,0.4012,,2.319,0.1284,0.873,NOMINAL,NOMINAL,NORMAL,0,
1641947400.0,1787418284.7965686,1,3.8901,0.4425,,2.854,0.1313,0.948,NOMINAL,NOMINAL,TRIGGERED,1,omni_p6
1641948300.0,1787418284.9229407,1,3.7178,0.4064,,2.065,0.1877,3.523,NOMINAL,PRE_ALERT,TRIGGERED,2,omni_p6
1641949200.0,1787418285.04807,1,3.6184,0.4186,,2.235,0.179,3.335,PRE_ALERT,NOMINAL,NORMAL,0,
1641950100.0,1787418285.1699233,1,3.5555,0.3773,,1.966,0.102,0.759,NOMINAL,NOMINAL,NORMAL,0,
1641951000.0,1787418285.295409,1,3.5878,0.4028,,2.168,0.117,0.847,NOMINAL,NOMINAL,NORMAL,0,
1641951900.0,1787418285.419894,1,3.4509,0.4004,,2.039,0.1012,0.94,NOMINAL,NOMINAL,NORMAL,0,
1641952800.0,1787418285.5470264,1,4.0924,0.5053,,2.828,0.1248,1.013,NOMINAL,NOMINAL,NORMAL,0,
1641953700.0,1787418285.670589,1,3.671,0.3959,,2.113,0.1172,0.863,NOMINAL,NOMINAL,TRIGGERED,1,omni_p6
1641954600.0,1787418285.7982314,1,3.6888,0.4041,,2.324,0.1864,3.567,NOMINAL,PRE_ALERT,TRIGGERED,2,omni_p6
1641955500.0,1787418285.9232545,1,3.9603,0.426,,2.036,0.1695,3.254,PRE_ALERT,NOMINAL,NORMAL,0,
1641956400.0,1787418286.0453134,1,3.6887,0.398,,2.153,0.1071,0.757,NOMINAL,NOMINAL,NORMAL,0,
1641957300.0,1787418286.1672401,1,1.9151,0.2144,,1.552,0.0549,0.476,NOMINAL,NOMINAL,NORMAL,0,
1641958200.0,1787418286.2995455,1,4.5159,0.5022,,3.593,0.1433,1.139,NOMINAL,NOMINAL,NORMAL,0,
1641959100.0,1787418286.421224,1,3.7593,0.4175,,2.657,0.1271,1.153,NOMINAL,NOMINAL,NORMAL,0,
1641960000.0,1787418286.5447526,1,3.3533,0.3997,,2.279,0.1013,0.808,NOMINAL,NOMINAL,TRIGGERED,1,omni_p6
1641960900.0,1787418286.6695573,1,2.9239,0.3633,,2.711,0.1083,0.832,NOMINAL,NOMINAL,NORMAL,0,
1641961800.0,1787418286.7947917,1,3.0785,0.3867,,2.563,0.1176,0.957,NOMINAL,NOMINAL,NORMAL,0,
1641962700.0,1787418286.9193962,1,3.3998,0.3746,,1.926,0.1195,0.879,NOMINAL,NOMINAL,NORMAL,0,
1641963600.0,1787418287.0440333,1,2.9728,0.369,,2.053,0.1173,0.805,NOMINAL,NOMINAL,NORMAL,0,
1641964500.0,1787418287.1695297,1,3.0285,0.3653,,2.578,0.1164,0.812,NOMINAL,NOMINAL,NORMAL,0,
1641965400.0,1787418287.2987614,1,4.298,0.4498,,3.666,0.1322,1.176,NOMINAL,NOMINAL,NORMAL,0,
1641966300.0,1787418287.4230323,1,4.7032,0.4678,,3.04,0.1343,1.077,NOMINAL,NOMINAL,NORMAL,0,
1641967200.0,1787418287.547461,1,4.0506,0.4811,,3.356,0.1232,0.918,NOMINAL,NOMINAL,NORMAL,0,
1641968100.0,1787418287.6730542,1,4.0083,0.4113,,3.799,0.1288,1.012,NOMINAL,NOMINAL,NORMAL,0,
1641969000.0,1787418287.7955203,1,3.5846,0.3973,,2.498,0.1263,1.043,NOMINAL,NOMINAL,NORMAL,0,
1641969900.0,1787418287.9215274,1,3.9161,0.4099,,2.695,0.1192,0.961,NOMINAL,NOMINAL,NORMAL,0,
1641970800.0,1787418288.0462217,1,3.8054,0.4131,,2.755,0.1166,0.871,NOMINAL,NOMINAL,NORMAL,0,
1641971700.0,1787418288.1702564,1,3.2853,0.439,,2.489,0.1155,0.829,NOMINAL,NOMINAL,NORMAL,0,
1641972600.0,1787418288.2945385,1,3.3259,0.3829,,1.841,0.1128,0.852,NOMINAL,NOMINAL,NORMAL,0,
1641973500.0,1787418288.41955,1,3.2413,0.3822,,2.083,0.1005,0.775,NOMINAL,NOMINAL,NORMAL,0,
1641974400.0,1787418288.5442069,1,3.1791,0.384,,1.872,0.0991,0.736,NOMINAL,NOMINAL,NORMAL,0,
1641975300.0,1787418288.6696646,1,3.1438,0.4021,,1.977,0.1173,0.837,NOMINAL,NOMINAL,NORMAL,0,
1641976200.0,1787418288.7946112,1,3.1724,0.3608,,1.791,0.1059,0.713,NOMINAL,NOMINAL,TRIGGERED,1,omni_p6
1641977100.0,1787418288.9216838,1,4.0995,0.4309,,2.257,0.1104,0.923,NOMINAL,NOMINAL,NORMAL,0,
1641978000.0,1787418289.0452833,1,3.5629,0.4177,,2.106,0.1153,0.806,NOMINAL,NOMINAL,NORMAL,0,
1641978900.0,1787418289.1694243,1,3.1756,0.4189,,1.817,0.1137,0.748,NOMINAL,NOMINAL,NORMAL,0,
1641979800.0,1787418289.2941904,1,3.1276,0.3733,,1.843,0.1109,0.734,NOMINAL,NOMINAL,NORMAL,0,
1641980700.0,1787418289.4214926,1,3.8487,0.4187,,2.612,0.1191,0.869,NOMINAL,NOMINAL,NORMAL,0,
1641981600.0,1787418289.5452516,1,3.5604,0.3896,,2.196,0.1106,0.823,NOMINAL,NOMINAL,TRIGGERED,1,omni_p6
1641982500.0,1787418289.673069,1,3.5287,0.3917,,2.079,0.1744,3.555,NOMINAL,PRE_ALERT,TRIGGERED,2,omni_p6
1641983400.0,1787418289.7965422,1,3.2559,0.3886,,1.778,0.1449,3.002,PRE_ALERT,NOMINAL,NORMAL,0,
1641984300.0,1787418289.9215577,1,4.0209,0.4235,,2.303,0.118,0.956,NOMINAL,NOMINAL,NORMAL,0,
1641985200.0,1787418290.046821,1,4.2229,0.4312,,2.419,0.1215,0.955,NOMINAL,NOMINAL,NORMAL,0,
1641986100.0,1787418290.1712012,1,3.7772,0.4002,,2.596,0.1098,0.931,NOMINAL,NOMINAL,NORMAL,0,
1641987000.0,1787418290.2945564,1,3.3963,0.3847,,1.862,0.0965,0.733,NOMINAL,NOMINAL,NORMAL,0,
1641987900.0,1787418290.4201005,1,3.4982,0.401,,2.149,0.1091,0.826,NOMINAL,NOMINAL,TRIGGERED,1,omni_p6
1641988800.0,1787418290.5475502,1,3.411,0.3851,,1.977,0.1808,3.513,NOMINAL,PRE_ALERT,TRIGGERED,2,omni_p6
1641989700.0,1787418290.6764174,1,4.3085,0.4601,,3.137,0.1933,3.648,PRE_ALERT,NOMINAL,NORMAL,0,
1641990600.0,1787418290.796228,1,3.7999,0.4198,,2.16,0.1099,0.875,NOMINAL,NOMINAL,NORMAL,0,
1641991500.0,1787418290.9206674,1,3.7693,0.4308,,1.967,0.116,0.826,NOMINAL,NOMINAL,NORMAL,0,
1641992400.0,1787418291.0450602,1,3.5668,0.4038,,1.983,0.1068,0.779,NOMINAL,NOMINAL,NORMAL,0,
1641993300.0,1787418291.1673727,1,1.9313,0.2185,,1.619,0.06,0.477,NOMINAL,NOMINAL,NORMAL,0,
1641994200.0,1787418291.3007417,1,5.1306,0.4941,,3.482,0.132,1.126,NOMINAL,NOMINAL,TRIGGERED,1,omni_p6
1641995100.0,1787418291.424459,1,4.2387,0.4425,,2.256,0.1942,3.584,NOMINAL,PRE_ALERT,TRIGGERED,2,omni_p6
1641996000.0,1787418291.5492892,1,4.0173,0.474,,2.803,0.1725,3.316,PRE_ALERT,NOMINAL,NORMAL,0,
1641996900.0,1787418291.6710422,1,3.7563,0.4284,,2.131,0.0966,0.834,NOMINAL,NOMINAL,NORMAL,0,
1641997800.0,1787418291.7948263,1,3.3997,0.3923,,2.006,0.1033,0.775,NOMINAL,NOMINAL,NORMAL,0,
1641998700.0,1787418291.920542,1,3.6568,0.4086,,2.065,0.1102,0.848,NOMINAL,NOMINAL,NORMAL,0,
1641999600.0,1787418292.0462508,1,4.2774,0.4367,,2.217,0.113,0.867,NOMINAL,NOMINAL,NORMAL,0,
1642000500.0,1787418292.1694355,1,3.2418,0.4191,,1.868,0.101,0.757,NOMINAL,NOMINAL,TRIGGERED,1,omni_p6
1642001400.0,1787418292.2998445,1,4.5318,0.5054,,3.592,0.1281,1.149,NOMINAL,NOMINAL,NORMAL,0,
1642002300.0,1787418292.4234428,1,4.4377,0.4596,,2.981,0.1834,1.036,NOMINAL,NOMINAL,NORMAL,0,
1642003200.0,1787418292.546585,1,4.6167,0.4464,,2.185,0.1137,0.813,NOMINAL,NOMINAL,NORMAL,0,
1642004100.0,1787418292.670432,1,3.6148,0.3901,,2.115,0.1128,0.82,NOMINAL,NOMINAL,NORMAL,0,
1642005000.0,1787418292.795326,1,3.3947,0.379,,2.339,0.0907,0.94,NOMINAL,NOMINAL,NORMAL,0,
1642005900.0,1787418292.9201531,1,3.5333,0.3986,,1.995,0.1045,0.81,NOMINAL,NOMINAL,NORMAL,0,
1642006800.0,1787418293.0464022,1,3.8556,0.4601,,2.588,0.1107,0.876,NOMINAL,NOMINAL,NORMAL,0,
1642007700.0,1787418293.1708825,1,3.3949,0.4047,,2.71,0.1096,0.86,NOMINAL,NOMINAL,NORMAL,0,
1642008600.0,1787418293.2943811,1,3.3284,0.3831,,1.865,0.0918,0.715,NOMINAL,NOMINAL,NORMAL,0,
1642009500.0,1787418293.4195335,1,3.3414,0.393,,1.979,0.1087,0.85,NOMINAL,NOMINAL,NORMAL,0,
1642010400.0,1787418293.5517087,1,6.0001,0.4544,,3.204,0.1309,1.067,NOMINAL,NOMINAL,NORMAL,0,
1642011300.0,1787418293.6753771,1,5.3147,0.526,,3.353,0.1696,1.109,NOMINAL,NOMINAL,NORMAL,0,
1642012200.0,1787418293.7949998,1,3.732,0.3852,,2.154,0.1177,0.906,NOMINAL,NOMINAL,NORMAL,0,
1642013100.0,1787418293.9192905,1,3.489,0.4253,,1.578,0.1446,0.825,NOMINAL,NOMINAL,NORMAL,0,
1642014000.0,1787418294.0465581,1,3.5235,0.3905,,2.795,0.1285,1.035,NOMINAL,NOMINAL,NORMAL,0,
1642014900.0,1787418294.1700006,1,3.6321,0.4197,,2.153,0.1117,0.808,NOMINAL,NOMINAL,NORMAL,0,
1642015800.0,1787418294.2943811,1,3.4928,0.3761,,1.928,0.1072,0.74,NOMINAL,NOMINAL,NORMAL,0,
1642016700.0,1787418294.4223561,1,4.1861,0.4128,,3.284,0.1231,1.056,NOMINAL,NOMINAL,NORMAL,0,
1642017600.0,1787418294.5450892,1,3.3361,0.381,,2.209,0.102,0.825,NOMINAL,NOMINAL,NORMAL,0,
1642018500.0,1787418294.6696274,1,3.522,0.3644,,2.028,0.1037,0.856,NOMINAL,NOMINAL,NORMAL,0,
1642019400.0,1787418294.7948165,1,3.5257,0.3702,,2.191,0.1058,0.852,NOMINAL,NOMINAL,NORMAL,0,
1642020300.0,1787418294.9189663,1,3.0745,0.4482,,1.812,0.1052,0.824,NOMINAL,NOMINAL,NORMAL,0,
1642021200.0,1787418295.046223,1,4.1111,0.3771,,2.805,0.133,0.999,NOMINAL,NOMINAL,TRIGGERED,1,omni_p6
1642022100.0,1787418295.169593,1,3.4074,0.3654,,2.057,0.1167,0.774,NOMINAL,NOMINAL,NORMAL,0,
1642023000.0,1787418295.2925124,1,1.9705,0.3344,,1.782,0.1084,0.79,NOMINAL,NOMINAL,NORMAL,0,
1642023900.0,1787418295.4197743,1,3.4536,0.4617,,2.223,0.1111,0.845,NOMINAL,NOMINAL,NORMAL,0,
1642024800.0,1787418295.5471466,1,3.9465,0.4623,,3.262,0.1194,1.043,NOMINAL,NOMINAL,NORMAL,0,
1642025700.0,1787418295.670772,1,3.7144,0.4287,,2.675,0.1167,0.961,NOMINAL,NOMINAL,NORMAL,0,
1642026600.0,1787418295.7952266,1,3.6779,0.3898,,2.403,0.1155,0.899,NOMINAL,NOMINAL,TRIGGERED,1,omni_p6
1642027500.0,1787418295.9218867,1,3.2856,0.4717,,1.784,0.2034,3.479,NOMINAL,PRE_ALERT,TRIGGERED,2,omni_p6
1642028400.0,1787418296.049399,1,3.7308,0.3879,,2.608,0.175,4.278,PRE_ALERT,NOMINAL,NORMAL,0,
1642029300.0,1787418296.168351,1,2.7675,0.296,,1.653,0.0553,0.473,NOMINAL,NOMINAL,NORMAL,0,
1642030200.0,1787418296.3001177,1,4.9105,0.5239,,3.93,0.1337,1.099,NOMINAL,NOMINAL,NORMAL,0,
1642031100.0,1787418296.421707,1,4.6261,0.4158,,2.513,0.1195,0.864,NOMINAL,NOMINAL,NORMAL,0,
1642032000.0,1787418296.5482874,1,3.6726,0.3793,1.8278,3.131,0.1081,0.795,NOMINAL,NOMINAL,NORMAL,0,
1642032900.0,1787418296.6718545,1,4.4099,0.4209,,2.683,0.1205,0.888,NOMINAL,NOMINAL,TRIGGERED,1,omni_p6
1642033800.0,1787418296.797976,1,3.6967,0.3854,,2.564,0.1783,3.425,NOMINAL,PRE_ALERT,TRIGGERED,2,omni_p6
1642034700.0,1787418296.9216528,1,3.5417,0.4632,,1.703,0.1499,3.075,PRE_ALERT,NOMINAL,NORMAL,0,
1642035600.0,1787418297.046378,1,4.0629,0.3839,,2.698,0.1203,0.941,NOMINAL,NOMINAL,NORMAL,0,
1642036500.0,1787418297.1713824,1,3.7742,0.5123,,2.766,0.161,0.952,NOMINAL,NOMINAL,NORMAL,0,
1642037400.0,1787418297.299226,1,4.6526,0.5195,,3.296,0.1273,1.082,NOMINAL,NOMINAL,NORMAL,0,
1642038300.0,1787418297.4236128,1,4.6174,0.6766,,3.185,0.1224,1.103,NOMINAL,NOMINAL,NORMAL,0,
1642039200.0,1787418297.546616,1,4.2479,0.4799,,2.563,0.1147,0.905,NOMINAL,NOMINAL,TRIGGERED,1,omni_p6
1642040100.0,1787418297.6703103,1,3.7496,0.4436,,2.247,0.1152,0.884,NOMINAL,NOMINAL,NORMAL,0,
1642041000.0,1787418297.7949624,1,3.6199,0.452,,2.131,0.1095,0.87,NOMINAL,NOMINAL,NORMAL,0,
1642041900.0,1787418297.9197793,1,3.7507,0.3834,,1.979,0.1157,0.788,NOMINAL,NOMINAL,NORMAL,0,
1642042800.0,1787418298.0448456,1,3.0705,0.3585,,2.414,0.1079,0.779,NOMINAL,NOMINAL,NORMAL,0,
1642043700.0,1787418298.1716707,1,3.8194,0.5899,,2.9,0.1261,1.099,NOMINAL,NOMINAL,NORMAL,0,
1642044600.0,1787418298.2949815,1,3.7796,0.3815,,2.075,0.1075,0.866,NOMINAL,NOMINAL,NORMAL,0,
1642045500.0,1787418298.4208243,1,3.8102,0.5035,,2.478,0.1078,0.845,NOMINAL,NOMINAL,TRIGGERED,1,omni_p6
1642046400.0,1787418298.5455754,1,3.6381,0.3704,,2.734,0.1173,0.857,NOMINAL,NOMINAL,NORMAL,0,
1642047300.0,1787418298.6694014,1,3.35,0.3921,,2.082,0.102,0.763,NOMINAL,NOMINAL,NORMAL,0,
1642048200.0,1787418298.7974348,1,4.1848,0.427,,3.444,0.1288,1.059,NOMINAL,NOMINAL,NORMAL,0,
1642049100.0,1787418298.9196324,1,3.4203,0.4794,,1.975,0.1115,0.858,NOMINAL,NOMINAL,NORMAL,0,
1642050000.0,1787418299.0448508,1,3.8815,0.3642,,2.015,0.1056,0.797,NOMINAL,NOMINAL,NORMAL,0,
1642050900.0,1787418299.170808,1,3.6725,0.3961,,2.615,0.1199,0.968,NOMINAL,NOMINAL,NORMAL,0,
1642051800.0,1787418299.2950032,1,3.4436,0.3929,,2.497,0.1103,0.863,NOMINAL,NOMINAL,NORMAL,0,
1642052700.0,1787418299.420118,1,3.9198,0.3858,,2.112,0.1057,0.816,NOMINAL,NOMINAL,NORMAL,0,
1642053600.0,1787418299.545524,1,3.7192,0.3814,,2.259,0.1169,0.838,NOMINAL,NOMINAL,NORMAL,0,
1642054500.0,1787418299.6701357,1,3.457,0.4112,,2.551,0.1023,0.757,NOMINAL,NOMINAL,NORMAL,0,
1642055400.0,1787418299.794274,1,3.3619,0.3729,,2.01,0.1094,0.743,NOMINAL,NOMINAL,NORMAL,0,
1642056300.0,1787418299.918981,1,3.1085,0.4737,,1.779,0.1074,0.792,NOMINAL,NOMINAL,NORMAL,0,
1642057200.0,1787418300.0503688,1,4.4262,0.4438,,5.313,0.1287,1.153,NOMINAL,NOMINAL,NORMAL,0,
1642058100.0,1787418300.1724646,1,4.4816,0.4314,,3.073,0.118,0.984,NOMINAL,NOMINAL,NORMAL,0,
1642059000.0,1787418300.295897,1,3.8724,0.5526,,2.463,0.122,0.909,NOMINAL,NOMINAL,NORMAL,0,
1642059900.0,1787418300.4207351,1,3.8932,0.4113,,2.422,0.1199,0.927,NOMINAL,NOMINAL,NORMAL,0,
1642060800.0,1787418300.5445921,1,3.3889,0.3694,,2.098,0.1058,0.789,NOMINAL,NOMINAL,NORMAL,0,
1642061700.0,1787418300.6705418,1,3.6879,0.3938,,2.306,0.1191,0.88,NOMINAL,NOMINAL,TRIGGERED,1,omni_p6
1642062600.0,1787418300.7961066,1,4.0289,0.4062,,2.61,0.1125,0.892,NOMINAL,NOMINAL,NORMAL,0,
1642063500.0,1787418301.032575,1,3.695,0.3987,,114.446,0.1147,1.111,NOMINAL,NOMINAL,NORMAL,0,
1642064400.0,1787418301.0444012,1,3.8019,0.4049,,1.426,0.0799,0.567,NOMINAL,NOMINAL,NORMAL,0,
1642065300.0,1787418301.1685073,1,2.7255,0.293,,1.61,0.0543,0.507,NOMINAL,NOMINAL,NORMAL,0,
1642066200.0,1787418301.3008492,1,4.9284,0.6899,,3.752,0.1288,1.087,NOMINAL,NOMINAL,NORMAL,0,
1642067100.0,1787418301.4217947,1,4.2515,0.4249,,2.642,0.1278,0.912,NOMINAL,NOMINAL,TRIGGERED,1,omni_p6
1642068000.0,1787418301.548919,1,4.0665,0.4523,,2.327,0.1746,3.534,NOMINAL,PRE_ALERT,TRIGGERED,2,omni_p6
1642068900.0,1787418301.6742795,1,4.2441,0.4024,,2.631,0.1724,3.293,PRE_ALERT,NOMINAL,NORMAL,0,
1642069800.0,1787418301.7949746,1,3.7601,0.3834,,1.886,0.0958,0.773,NOMINAL,NOMINAL,NORMAL,0,
1642070700.0,1787418301.9195976,1,3.5027,0.4699,,1.81,0.0854,0.712,NOMINAL,NOMINAL,NORMAL,0,
1642071600.0,1787418302.0446117,1,3.1567,0.3589,,1.956,0.0917,0.702,NOMINAL,NOMINAL,NORMAL,0,
1642072500.0,1787418302.1717014,1,3.9092,0.403,,2.771,0.1205,1.097,NOMINAL,NOMINAL,NORMAL,0,
1642073400.0,1787418302.2997885,1,4.6216,0.4611,,3.889,0.1264,1.11,NOMINAL,NOMINAL,TRIGGERED,1,omni_p6
1642074300.0,1787418302.4238255,1,5.2164,0.5964,,3.081,0.1306,1.004,NOMINAL,NOMINAL,NORMAL,0,
1642075200.0,1787418302.5463479,1,4.3395,0.4893,,2.389,0.1132,0.936,NOMINAL,NOMINAL,NORMAL,0,
1642076100.0,1787418302.670853,1,3.9508,0.389,,2.184,0.1083,0.923,NOMINAL,NOMINAL,NORMAL,0,
1642077000.0,1787418302.7963562,1,4.0961,0.398,,2.779,0.1068,0.849,NOMINAL,NOMINAL,NORMAL,0,
1642077900.0,1787418302.9213433,1,4.4592,0.4184,,2.04,0.1065,0.833,NOMINAL,NOMINAL,NORMAL,0,
1642078800.0,1787418303.045576,1,4.156,0.4435,,1.981,0.0968,0.767,NOMINAL,NOMINAL,TRIGGERED,1,omni_p6
1642079700.0,1787418303.1731958,1,3.6184,0.6036,,2.068,0.1813,3.581,NOMINAL,PRE_ALERT,TRIGGERED,2,omni_p6
1642080600.0,1787418303.3005557,1,4.7764,0.4435,,2.968,0.1851,3.383,PRE_ALERT,NOMINAL,NORMAL,0,
1642081500.0,1787418303.4217138,1,4.3987,0.4147,,2.618,0.1043,0.816,NOMINAL,NOMINAL,NORMAL,0,
1642082400.0,1787418303.5469587,1,4.5696,0.4242,,2.488,0.0997,0.864,NOMINAL,NOMINAL,NORMAL,0,
1642083300.0,1787418303.671366,1,4.0862,0.3943,,2.224,0.1097,0.91,NOMINAL,NOMINAL,NORMAL,0,
1642084200.0,1787418303.7956345,1,3.8224,0.3665,,2.552,0.0982,0.782,NOMINAL,NOMINAL,NORMAL,0,
1642085100.0,1787418303.9196477,1,3.6374,0.4403,,1.729,0.093,0.738,NOMINAL,NOMINAL,TRIGGERED,1,omni_p6
1642086000.0,1787418304.0474334,1,3.6746,0.3616,,1.909,0.1687,3.39,NOMINAL,PRE_ALERT,TRIGGERED,2,omni_p6
1642086900.0,1787418304.172875,1,3.4971,0.3638,,2.581,0.1618,3.139,PRE_ALERT,NOMINAL,NORMAL,0,
1642087800.0,1787418304.2980635,1,4.3534,0.4398,,3.454,0.122,0.972,NOMINAL,NOMINAL,NORMAL,0,
1642088700.0,1787418304.4209952,1,3.4293,0.3995,,3.068,0.1154,0.875,NOMINAL,NOMINAL,NORMAL,0,
1642089600.0,1787418304.5451005,1,3.2493,0.3664,,2.22,0.1024,0.812,NOMINAL,NOMINAL,NORMAL,0,
1642090500.0,1787418304.6707916,1,3.6591,0.389,,2.456,0.107,0.913,NOMINAL,NOMINAL,NORMAL,0,
1642091400.0,1787418304.7948241,1,3.5196,0.3517,,2.193,0.0975,0.847,NOMINAL,NOMINAL,NORMAL,0,
1642092300.0,1787418304.9202936,1,3.7167,0.375,,2.199,0.1002,0.802,NOMINAL,NOMINAL,NORMAL,0,
1642093200.0,1787418305.0448923,1,3.7061,0.3631,,1.942,0.086,0.696,NOMINAL,NOMINAL,NORMAL,0,
1642094100.0,1787418305.170884,1,3.9683,0.3788,,2.444,0.0947,0.898,NOMINAL,NOMINAL,NORMAL,0,
1642095000.0,1787418305.2992322,1,4.9544,0.5123,,3.179,0.1245,1.107,NOMINAL,NOMINAL,NORMAL,0,
1642095900.0,1787418305.4219222,1,4.897,0.4343,,2.315,0.1082,0.815,NOMINAL,NOMINAL,NORMAL,0,
1642096800.0,1787418305.5463839,1,3.9435,0.6234,,1.933,0.1071,1.184,NOMINAL,NOMINAL,NORMAL,0,
1642097700.0,1787418305.67368,1,4.6733,0.6005,,2.862,0.1182,0.916,NOMINAL,NOMINAL,NORMAL,0,
1642098600.0,1787418305.7966495,1,4.4639,0.405,,2.329,0.107,1.089,NOMINAL,NOMINAL,NORMAL,0,
1642099500.0,1787418305.9211154,1,4.1305,0.5531,,2.008,0.1058,0.887,NOMINAL,NOMINAL,NORMAL,0,
1642100400.0,1787418306.0473998,1,4.2073,0.4102,,2.633,0.1063,0.884,NOMINAL,NOMINAL,NORMAL,0,
1642101300.0,1787418306.16834,1,2.6277,0.3887,,1.581,0.0699,0.542,NOMINAL,NOMINAL,NORMAL,0,
1642102200.0,1787418306.300052,1,4.6819,0.4828,,3.451,0.1342,1.07,NOMINAL,NOMINAL,NORMAL,0,
1642103100.0,1787418306.4213412,1,4.3731,0.4182,,2.163,0.2197,0.895,NOMINAL,NOMINAL,NORMAL,0,
1642104000.0,1787418306.5460157,1,3.9811,0.4587,,2.282,0.0997,0.729,NOMINAL,NOMINAL,NORMAL,0,
1642104900.0,1787418306.6705925,1,3.9793,0.3927,,2.144,0.095,0.743,NOMINAL,NOMINAL,NORMAL,0,
1642105800.0,1787418306.794855,1,3.8857,0.3821,,1.782,0.0922,0.734,NOMINAL,NOMINAL,TRIGGERED,1,omni_p6
1642106700.0,1787418306.9208348,1,4.1319,0.5861,,2.101,0.0984,0.718,NOMINAL,NOMINAL,NORMAL,0,
1642107600.0,1787418307.04523,1,3.8976,0.3803,,2.061,0.0832,0.657,NOMINAL,NOMINAL,NORMAL,0,
1642108500.0,1787418307.1696115,1,3.7867,0.3644,,1.7,0.0804,0.76,NOMINAL,NOMINAL,NORMAL,0,
1642109400.0,1787418307.3003328,1,4.6633,0.5254,,3.688,0.4299,1.382,NOMINAL,NOMINAL,NORMAL,0,
1642110300.0,1787418307.4234412,1,4.9614,0.4659,,2.893,0.1106,0.964,NOMINAL,NOMINAL,NORMAL,0,
1642111200.0,1787418307.5486832,1,4.3366,0.7937,,2.473,0.1077,0.872,NOMINAL,NOMINAL,NORMAL,0,
1642112100.0,1787418307.6722758,1,4.3951,0.4228,,2.813,0.1029,0.818,NOMINAL,NOMINAL,TRIGGERED,1,omni_p6
1642113000.0,1787418307.7983072,1,4.0126,0.4,,1.835,0.1537,3.536,NOMINAL,PRE_ALERT,TRIGGERED,2,omni_p6
1642113900.0,1787418307.9231422,1,3.9209,0.5925,,2.169,0.1493,3.144,PRE_ALERT,NOMINAL,NORMAL,0,
1642114800.0,1787418308.0462527,1,3.7285,0.391,,2.131,0.0952,0.764,NOMINAL,NOMINAL,NORMAL,0,
1642115700.0,1787418308.1704302,1,3.9307,0.3872,,1.894,0.0989,0.74,NOMINAL,NOMINAL,NORMAL,0,
1642116600.0,1787418308.2960322,1,4.1124,0.3885,,2.5,0.1052,0.804,NOMINAL,NOMINAL,NORMAL,0,
1642117500.0,1787418308.4222324,1,4.9745,0.5026,,2.376,0.1078,0.823,NOMINAL,NOMINAL,NORMAL,0,
1642118400.0,1787418308.548967,1,3.9626,0.7978,1.9568,2.11,0.1162,0.76,NOMINAL,NOMINAL,TRIGGERED,1,omni_p6
1642119300.0,1787418308.6723385,1,4.6644,0.4255,,2.674,0.1185,0.884,NOMINAL,NOMINAL,NORMAL,0,
1642120200.0,1787418308.795507,1,4.2313,0.4,,1.848,0.1041,0.769,NOMINAL,NOMINAL,NORMAL,0,
1642121100.0,1787418308.9197032,1,3.5172,0.3705,,2.051,0.0965,0.7,NOMINAL,NOMINAL,NORMAL,0,
1642122000.0,1787418309.0453384,1,3.8159,0.3626,,1.809,0.0928,0.961,NOMINAL,NOMINAL,NORMAL,0,
1642122900.0,1787418309.1698813,1,3.6237,0.4234,,2.22,0.0847,0.662,NOMINAL,NOMINAL,NORMAL,0,
1642123800.0,1787418309.295473,1,3.7405,0.4145,,1.862,0.0994,0.7,NOMINAL,NOMINAL,TRIGGERED,1,omni_p6
1642124700.0,1787418309.4247506,1,4.507,0.4399,,2.628,0.1644,3.528,NOMINAL,PRE_ALERT,TRIGGERED,2,omni_p6
1642125600.0,1787418309.5486846,1,4.2521,0.4425,,2.592,0.146,2.834,PRE_ALERT,NOMINAL,NORMAL,0,
1642126500.0,1787418309.6713462,1,4.3203,0.5684,,1.995,0.0968,0.852,NOMINAL,NOMINAL,NORMAL,0,
1642127400.0,1787418309.795164,1,3.979,0.3947,,2.018,0.1324,0.733,NOMINAL,NOMINAL,NORMAL,0,
1642128300.0,1787418309.9200215,1,3.8789,0.4325,,1.738,0.0947,0.807,NOMINAL,NOMINAL,NORMAL,0,
1642129200.0,1787418310.046888,1,3.4151,0.4834,,3.316,0.1323,1.306,NOMINAL,NOMINAL,NORMAL,0,
1642130100.0,1787418310.1724398,1,4.6592,0.4375,,2.794,0.0926,0.847,NOMINAL,NOMINAL,TRIGGERED,1,omni_p6
1642131000.0,1787418310.2988946,1,4.3263,0.4104,,1.931,0.1437,3.976,NOMINAL,PRE_ALERT,TRIGGERED,2,omni_p6
1642131900.0,1787418310.4262867,1,4.9453,0.6345,,2.8,0.1676,3.763,PRE_ALERT,NOMINAL,NORMAL,0,
1642132800.0,1787418310.5465117,1,4.3253,0.4095,,2.209,0.0881,0.936,NOMINAL,NOMINAL,NORMAL,0,
1642133700.0,1787418310.6700985,1,3.7942,0.3725,,1.88,0.3246,0.927,NOMINAL,NOMINAL,NORMAL,0,
1642134600.0,1787418310.7944512,1,3.8234,0.3671,,1.677,0.0849,0.653,NOMINAL,NOMINAL,NORMAL,0,
1642135500.0,1787418310.9217515,1,4.5441,0.4168,,2.259,0.1133,0.84,NOMINAL,NOMINAL,NORMAL,0,
1642136400.0,1787418311.0459895,1,4.4767,0.4324,,2.08,0.0941,0.732,NOMINAL,NOMINAL,NORMAL,0,
1642137300.0,1787418311.1673756,1,1.9599,0.4893,,1.503,0.0522,0.449,NOMINAL,NOMINAL,NORMAL,0,
1642138200.0,1787418311.3001878,1,4.7678,0.4855,,3.524,0.1317,1.329,NOMINAL,NOMINAL,NORMAL,0,
1642139100.0,1787418311.4234974,1,5.4239,0.6528,,2.56,0.1693,1.108,NOMINAL,NOMINAL,NORMAL,0,
1642140000.0,1787418311.546782,1,4.6396,0.4311,,2.115,0.1248,0.975,NOMINAL,NOMINAL,NORMAL,0,
1642140900.0,1787418311.6716366,1,4.5597,0.4299,,2.27,0.1175,0.807,NOMINAL,NOMINAL,NORMAL,0,
1642141800.0,1787418311.7955065,1,4.2414,0.4322,,1.825,0.1106,0.762,NOMINAL,NOMINAL,NORMAL,0,
1642142700.0,1787418311.919683,1,3.5569,0.4262,,2.009,0.0871,0.686,NOMINAL,NOMINAL,NORMAL,0,
1642143600.0,1787418312.0447824,1,3.7439,0.3913,,1.901,0.0842,0.649,NOMINAL,NOMINAL,NORMAL,0,
1642144500.0,1787418312.169992,1,3.6724,0.4122,,1.811,0.0862,0.943,NOMINAL,NOMINAL,NORMAL,0,
1642145400.0,1787418312.299394,1,5.1944,0.5342,,2.986,0.1285,1.14,NOMINAL,NOMINAL,NORMAL,0,
1642146300.0,1787418312.424027,1,5.0884,0.4965,,2.873,0.1181,1.092,NOMINAL,NOMINAL,TRIGGERED,1,omni_p6
1642147200.0,1787418312.546785,1,4.4646,0.4572,,2.302,0.0998,0.956,NOMINAL,NOMINAL,NORMAL,0,
1642148100.0,1787418312.6707501,1,4.1671,0.4267,,1.998,0.0887,0.872,NOMINAL,NOMINAL,NORMAL,0,
1642149000.0,1787418312.7950552,1,3.9167,0.4061,,1.894,0.0846,0.75,NOMINAL,NOMINAL,NORMAL,0,
1642149900.0,1787418312.919789,1,3.7702,0.438,,1.761,0.0865,0.706,NOMINAL,NOMINAL,NORMAL,0,
1642150800.0,1787418313.0447478,1,3.6103,0.3716,,1.847,0.0813,0.659,NOMINAL,NOMINAL,NORMAL,0,
1642151700.0,1787418313.1697283,1,3.6896,0.3907,,1.819,0.086,0.695,NOMINAL,NOMINAL,NORMAL,0,
1642152600.0,1787418313.2952185,1,3.7269,0.3927,,2.291,0.1396,0.764,NOMINAL,NOMINAL,TRIGGERED,1,omni_p6
1642153500.0,1787418313.4208179,1,3.515,0.4162,,3.093,0.1005,0.823,NOMINAL,NOMINAL,NORMAL,0,
1642154400.0,1787418313.5459554,1,4.2008,0.4742,,2.121,0.0975,0.746,NOMINAL,NOMINAL,NORMAL,0,
1642155300.0,1787418313.6709995,1,3.9293,0.3855,,2.738,0.1031,0.841,NOMINAL,NOMINAL,NORMAL,0,
1642156200.0,1787418313.7955003,1,3.6012,0.5798,,2.523,0.1119,0.82,NOMINAL,NOMINAL,NORMAL,0,
1642157100.0,1787418313.9195452,1,3.1361,0.5619,,2.404,0.0957,0.742,NOMINAL,NOMINAL,NORMAL,0,
1642158000.0,1787418314.0439594,1,2.9365,0.3461,,1.982,0.0971,0.712,NOMINAL,NOMINAL,TRIGGERED,1,omni_p6
1642158900.0,1787418314.1722653,1,2.8391,0.4745,,2.509,0.1656,3.509,NOMINAL,PRE_ALERT,TRIGGERED,2,omni_p6
1642159800.0,1787418314.3004465,1,4.35,0.4343,,3.289,0.2048,3.736,PRE_ALERT,NOMINAL,NORMAL,0,
1642160700.0,1787418314.4210436,1,4.2648,0.4203,,2.31,0.12,0.863,NOMINAL,NOMINAL,NORMAL,0,
1642161600.0,1787418314.546227,1,3.625,0.4801,,2.452,0.1199,0.898,NOMINAL,NOMINAL,NORMAL,0,
1642162500.0,1787418314.6706283,1,3.8374,0.4095,,2.131,0.1173,0.819,NOMINAL,NOMINAL,NORMAL,0,
1642163400.0,1787418314.7948582,1,3.6248,0.383,,2.075,0.1072,0.851,NOMINAL,NOMINAL,NORMAL,0,
1642164300.0,1787418314.9188097,1,3.0962,0.3837,,1.755,0.1126,0.836,NOMINAL,NOMINAL,TRIGGERED,1,omni_p6
1642165200.0,1787418315.048137,1,3.6475,0.3871,,2.28,0.1854,3.593,NOMINAL,PRE_ALERT,TRIGGERED,2,omni_p6
1642166100.0,1787418315.1725645,1,3.4988,0.4495,,2.548,0.1656,3.149,PRE_ALERT,NOMINAL,NORMAL,0,
1642167000.0,1787418315.2955303,1,3.8021,0.3822,,2.358,0.1171,0.885,NOMINAL,NOMINAL,NORMAL,0,
1642167900.0,1787418315.421032,1,3.7,0.5019,,2.769,0.1196,0.948,NOMINAL,NOMINAL,NORMAL,0,
1642168800.0,1787418315.5464706,1,4.0912,0.4761,,2.519,0.1215,0.914,NOMINAL,NOMINAL,NORMAL,0,
1642169700.0,1787418315.670514,1,3.8131,0.4015,,2.189,0.1138,0.896,NOMINAL,NOMINAL,NORMAL,0,
1642170600.0,1787418315.7946143,1,3.4612,0.3781,,2.249,0.0977,0.768,NOMINAL,NOMINAL,TRIGGERED,1,omni_p6
1642171500.0,1787418315.920538,1,3.8434,0.4835,,2.148,0.1132,0.882,NOMINAL,NOMINAL,NORMAL,0,
1642172400.0,1787418316.0447907,1,3.3662,0.3721,,2.067,0.1196,0.844,NOMINAL,NOMINAL,NORMAL,0,
1642173300.0,1787418316.1685634,1,2.8028,0.3868,,1.672,0.0568,0.47,NOMINAL,NOMINAL,NORMAL,0,
1642174200.0,1787418316.3013008,1,4.8029,0.5017,,4.327,0.1354,1.171,NOMINAL,NOMINAL,NORMAL,0,
1642175100.0,1787418316.4233482,1,4.3728,0.6057,,3.401,0.1718,1.015,NOMINAL,NOMINAL,NORMAL,0,
1642176000.0,1787418316.5481582,1,4.2295,0.4868,,2.991,0.1275,0.966,NOMINAL,NOMINAL,NORMAL,0,
1642176900.0,1787418316.6731007,1,4.2299,0.4401,,3.941,0.1229,1.031,NOMINAL,NOMINAL,TRIGGERED,1,omni_p6
1642177800.0,1787418316.795621,1,3.7526,0.4055,,2.648,0.1157,0.854,NOMINAL,NOMINAL,NORMAL,0,
1642178700.0,1787418316.9197695,1,3.0783,0.6713,,2.476,0.1029,0.786,NOMINAL,NOMINAL,NORMAL,0,
1642179600.0,1787418317.0450313,1,3.7466,0.3851,,2.096,0.1037,0.762,NOMINAL,NOMINAL,NORMAL,0,
1642180500.0,1787418317.1705852,1,3.7606,0.5647,,2.383,0.0899,0.741,NOMINAL,NOMINAL,NORMAL,0,
1642181400.0,1787418317.3003747,1,4.6979,0.4814,,3.901,0.1319,1.122,NOMINAL,NOMINAL,NORMAL,0,
1642182300.0,1787418317.4241645,1,5.1905,0.6722,,3.098,0.1265,0.994,NOMINAL,NOMINAL,NORMAL,0,
1642183200.0,1787418317.548071,1,4.1667,0.4369,,2.807,0.1139,0.872,NOMINAL,NOMINAL,NORMAL,0,
1642184100.0,1787418317.6719334,1,4.1884,0.4199,,2.797,0.1206,0.865,NOMINAL,NOMINAL,NORMAL,0,
1642185000.0,1787418317.7958932,1,4.227,0.4053,,2.152,0.1068,0.799,NOMINAL,NOMINAL,NORMAL,0,
1642185900.0,1787418317.920378,1,3.6756,0.3963,,1.944,0.0994,0.795,NOMINAL,NOMINAL,NORMAL,0,
1642186800.0,1787418318.0459492,1,4.0469,0.4694,,2.105,0.1144,0.865,NOMINAL,NOMINAL,NORMAL,0,
1642187700.0,1787418318.1703374,1,3.8224,0.379,,2.019,0.1,0.737,NOMINAL,NOMINAL,NORMAL,0,
1642188600.0,1787418318.2953045,1,3.9802,0.4004,,1.903,0.1136,0.804,NOMINAL,NOMINAL,NORMAL,0,
1642189500.0,1787418318.4202168,1,3.2518,0.8564,,2.181,0.1019,0.766,NOMINAL,NOMINAL,NORMAL,0,
1642190400.0,1787418318.5463407,1,3.629,0.4816,,2.378,0.1166,0.857,NOMINAL,NOMINAL,NORMAL,0,
1642191300.0,1787418318.6723328,1,4.0857,0.4155,,3.386,0.108,0.908,NOMINAL,NOMINAL,TRIGGERED,1,omni_p6
1642192200.0,1787418318.7956638,1,3.8712,0.3959,,2.561,0.1021,0.771,NOMINAL,NOMINAL,NORMAL,0,
1642193100.0,1787418318.9198513,1,3.2986,0.4667,,1.899,0.0945,0.731,NOMINAL,NOMINAL,NORMAL,0,
1642194000.0,1787418319.0446754,1,3.353,0.3752,,1.963,0.0954,0.748,NOMINAL,NOMINAL,NORMAL,0,
1642194900.0,1787418319.1699152,1,3.2538,0.4275,,2.416,0.0867,0.821,NOMINAL,NOMINAL,NORMAL,0,
1642195800.0,1787418319.2952456,1,3.5467,0.3821,,2.599,0.1337,0.759,NOMINAL,NOMINAL,NORMAL,0,
1642196700.0,1787418319.41987,1,3.1231,0.6057,,2.46,0.0891,0.758,NOMINAL,NOMINAL,NORMAL,0,
1642197600.0,1787418319.545309,1,3.3517,0.3718,,2.376,0.0967,0.731,NOMINAL,NOMINAL,TRIGGERED,1,omni_p6
1642198500.0,1787418319.6718254,1,4.1804,0.4118,,2.684,0.1203,0.944,NOMINAL,NOMINAL,NORMAL,0,
1642199400.0,1787418319.795226,1,3.7501,0.3954,,2.03,0.1333,0.823,NOMINAL,NOMINAL,NORMAL,0,
1642200300.0,1787418319.9201963,1,3.5776,0.5048,,2.101,0.1027,0.839,NOMINAL,NOMINAL,NORMAL,0,
1642201200.0,1787418320.0445786,1,3.0745,0.5718,,1.998,0.1051,0.782,NOMINAL,NOMINAL,NORMAL,0,
1642202100.0,1787418320.169349,1,3.0562,0.4935,,2.072,0.1035,0.74,NOMINAL,NOMINAL,NORMAL,0,
1642203000.0,1787418320.294107,1,3.2006,0.3681,,1.899,0.0984,0.731,NOMINAL,NOMINAL,TRIGGERED,1,omni_p6
1642203900.0,1787418320.424093,1,3.8816,0.6742,,2.725,0.2024,3.805,NOMINAL,PRE_ALERT,TRIGGERED,2,omni_p6
1642204800.0,1787418320.5517557,1,3.9002,0.3737,1.7963,2.981,0.1907,3.732,PRE_ALERT,NOMINAL,NORMAL,0,
1642205700.0,1787418320.6734157,1,4.5502,0.4784,,3.237,0.1296,0.977,NOMINAL,NOMINAL,NORMAL,0,
1642206600.0,1787418320.7959876,1,4.1814,0.4022,,2.367,0.1106,0.874,NOMINAL,NOMINAL,NORMAL,0,
1642207500.0,1787418320.9210649,1,3.5715,0.4034,,2.957,0.1134,0.864,NOMINAL,NOMINAL,NORMAL,0,
1642208400.0,1787418321.0458746,1,3.9606,0.4544,,2.239,0.0978,0.849,NOMINAL,NOMINAL,NORMAL,0,
1642209300.0,1787418321.1680925,1,2.3481,0.3754,,1.736,0.0598,0.469,NOMINAL,NOMINAL,TRIGGERED,1,omni_p6
1642210200.0,1787418321.3023388,1,4.86,0.548,,3.258,0.2016,4.168,NOMINAL,PRE_ALERT,TRIGGERED,2,omni_p6
1642211100.0,1787418321.4242184,1,4.1402,0.5581,,2.536,0.1765,3.273,PRE_ALERT,NOMINAL,NORMAL,0,
1642212000.0,1787418321.545679,1,3.9234,0.6462,,2.057,0.1057,0.795,NOMINAL,NOMINAL,NORMAL,0,
1642212900.0,1787418321.672726,1,4.4792,0.4222,,2.95,0.1168,1.106,NOMINAL,NOMINAL,NORMAL,0,
1642213800.0,1787418321.7975214,1,4.4681,0.4461,,2.824,0.1179,0.909,NOMINAL,NOMINAL,NORMAL,0,
1642214700.0,1787418321.9208012,1,4.0018,0.4076,,2.188,0.1003,0.747,NOMINAL,NOMINAL,NORMAL,0,
1642215600.0,1787418322.0451655,1,3.7539,0.398,,1.897,0.0933,0.703,NOMINAL,NOMINAL,TRIGGERED,1,omni_p6
1642216500.0,1787418322.1699061,1,3.6828,0.3945,,1.874,0.0866,0.709,NOMINAL,NOMINAL,NORMAL,0,
1642217400.0,1787418322.3008387,1,5.0114,0.487,,3.974,0.1359,1.125,NOMINAL,NOMINAL,NORMAL,0,
1642218300.0,1787418322.423652,1,5.0363,0.4685,,2.78,0.1153,0.96,NOMINAL,NOMINAL,NORMAL,0,
1642219200.0,1787418322.5464985,1,4.1038,0.4198,,2.27,0.113,0.88,NOMINAL,NOMINAL,NORMAL,0,
1642220100.0,1787418322.6717296,1,3.8942,0.4187,,2.522,0.1115,0.875,NOMINAL,NOMINAL,NORMAL,0,
1642221000.0,1787418322.7968416,1,4.4175,0.4135,,2.412,0.1114,0.891,NOMINAL,NOMINAL,NORMAL,0,
1642221900.0,1787418322.920247,1,3.7697,0.4083,,1.908,0.1034,0.784,NOMINAL,NOMINAL,NORMAL,0,
1642222800.0,1787418323.0449102,1,3.5779,0.4142,,1.93,0.0964,0.719,NOMINAL,NOMINAL,NORMAL,0,
1642223700.0,1787418323.1706338,1,3.606,0.4019,,2.131,0.1091,0.796,NOMINAL,NOMINAL,NORMAL,0,
1642224600.0,1787418323.2948413,1,3.4565,0.4036,,1.928,0.1041,0.773,NOMINAL,NOMINAL,NORMAL,0,
1642225500.0,1787418323.4206638,1,3.6717,0.4063,,2.243,0.1152,0.831,NOMINAL,NOMINAL,NORMAL,0,
1642226400.0,1787418323.5454285,1,3.5318,0.4051,,2.153,0.1044,0.825,NOMINAL,NOMINAL,NORMAL,0,
1642227300.0,1787418323.6713076,1,3.7021,0.4208,,2.326,0.1658,0.925,NOMINAL,NOMINAL,NORMAL,0,
1642228200.0,1787418323.7967198,1,3.9561,0.4277,,2.683,0.109,0.938,NOMINAL,NOMINAL,NORMAL,0,
1642229100.0,1787418323.9202619,1,3.7443,0.4059,,1.887,0.1007,0.799,NOMINAL,NOMINAL,NORMAL,0,
1642230000.0,1787418324.045288,1,3.5821,0.4141,,2.123,0.1067,0.795,NOMINAL,NOMINAL,NORMAL,0,
1642230900.0,1787418324.17158,1,3.7446,0.4055,,2.848,0.1035,0.928,NOMINAL,NOMINAL,NORMAL,0,
1642231800.0,1787418324.2961621,1,3.859,0.4146,,2.466,0.1138,0.863,NOMINAL,NOMINAL,TRIGGERED,1,omni_p6
1642232700.0,1787418324.4211128,1,3.8062,0.4195,,2.444,0.1242,0.962,NOMINAL,NOMINAL,NORMAL,0,
1642233600.0,1787418324.5454938,1,3.5237,0.3828,,2.078,0.1014,0.771,NOMINAL,NOMINAL,NORMAL,0,
1642234500.0,1787418324.670713,1,3.8751,0.4024,,2.068,0.1116,0.788,NOMINAL,NOMINAL,NORMAL,0,
1642235400.0,1787418324.7963948,1,4.1693,0.4109,,2.415,0.1115,0.859,NOMINAL,NOMINAL,NORMAL,0,
1642236300.0,1787418324.9196258,1,3.4682,0.4052,,1.847,0.0952,0.727,NOMINAL,NOMINAL,NORMAL,0,
1642237200.0,1787418325.044682,1,3.4253,0.4012,,1.909,0.1055,0.706,NOMINAL,NOMINAL,TRIGGERED,1,omni_p6
1642238100.0,1787418325.1725554,1,3.2477,0.4156,,2.248,0.1595,3.402,NOMINAL,PRE_ALERT,TRIGGERED,2,omni_p6
1642239000.0,1787418325.2972178,1,3.4204,0.3802,,2.127,0.146,3.141,PRE_ALERT,NOMINAL,NORMAL,0,
1642239900.0,1787418325.4204535,1,3.6615,0.3878,,2.283,0.104,0.77,NOMINAL,NOMINAL,NORMAL,0,
1642240800.0,1787418325.5446882,1,3.3798,0.3916,,1.996,0.0978,0.726,NOMINAL,NOMINAL,NORMAL,0,
1642241700.0,1787418325.6699708,1,3.3849,0.385,,1.944,0.0944,0.721,NOMINAL,NOMINAL,NORMAL,0,
1642242600.0,1787418325.7962835,1,4.0612,0.403,,2.538,0.1149,0.853,NOMINAL,NOMINAL,NORMAL,0,
1642243500.0,1787418325.9202569,1,3.6895,0.3768,,2.359,0.111,0.799,NOMINAL,NOMINAL,TRIGGERED,1,omni_p6
1642244400.0,1787418326.0491097,1,3.776,0.4566,,2.511,0.2273,3.687,NOMINAL,PRE_ALERT,TRIGGERED,2,omni_p6
1642245300.0,1787418326.1685264,1,1.9642,0.2206,,1.65,0.0893,1.721,PRE_ALERT,NOMINAL,NORMAL,0,
1642246200.0,1787418326.2999146,1,4.5585,0.5285,,3.622,0.1326,1.057,NOMINAL,NOMINAL,NORMAL,0,
1642247100.0,1787418326.4202614,1,3.4094,0.6052,,2.365,0.1139,0.904,NOMINAL,NOMINAL,NORMAL,0,
1642248000.0,1787418326.5447705,1,3.4245,0.3984,,2.126,0.1062,0.809,NOMINAL,NOMINAL,NORMAL,0,
1642248900.0,1787418326.6700952,1,3.494,0.4343,,2.167,0.1047,0.75,NOMINAL,NOMINAL,NORMAL,0,
1642249800.0,1787418326.7958715,1,3.5171,0.4215,,2.629,0.1171,0.911,NOMINAL,NOMINAL,TRIGGERED,1,omni_p6
1642250700.0,1787418326.918625,1,3.0695,0.3615,,1.714,0.1143,0.768,NOMINAL,NOMINAL,NORMAL,0,
1642251600.0,1787418327.0436044,1,2.8465,0.3374,,1.991,0.1165,0.789,NOMINAL,NOMINAL,NORMAL,0,
1642252500.0,1787418327.1689224,1,2.8791,0.3395,,2.324,0.0994,0.777,NOMINAL,NOMINAL,NORMAL,0,
1642253400.0,1787418327.2990704,1,4.4275,0.4668,,3.441,0.1231,1.103,NOMINAL,NOMINAL,NORMAL,0,
1642254300.0,1787418327.4225671,1,4.1348,0.4424,,2.976,0.1268,0.976,NOMINAL,NOMINAL,NORMAL,0,
1642255200.0,1787418327.545652,1,3.6516,0.4089,,2.492,0.1142,0.898,NOMINAL,NOMINAL,TRIGGERED,1,omni_p6
1642256100.0,1787418327.6730325,1,3.5717,0.4359,,2.187,0.199,3.746,NOMINAL,PRE_ALERT,TRIGGERED,2,omni_p6
1642257000.0,1787418327.8007157,1,4.2305,0.4463,,3.194,0.202,3.654,PRE_ALERT,NOMINAL,NORMAL,0,
1642257900.0,1787418327.9204876,1,3.8765,0.4216,,1.935,0.1026,0.791,NOMINAL,NOMINAL,NORMAL,0,
1642258800.0,1787418328.0446484,1,3.5397,0.3985,,1.83,0.1137,0.776,NOMINAL,NOMINAL,NORMAL,0,
1642259700.0,1787418328.170164,1,3.4017,0.4298,,2.452,0.1047,0.76,NOMINAL,NOMINAL,NORMAL,0,
1642260600.0,1787418328.2947645,1,3.2201,0.376,,2.315,0.1011,0.818,NOMINAL,NOMINAL,NORMAL,0,
1642261500.0,1787418328.4184098,1,2.8683,0.3602,,1.815,0.1065,0.741,NOMINAL,NOMINAL,TRIGGERED,1,omni_p6
1642262400.0,1787418328.5435812,1,2.8681,0.3705,,1.919,0.1043,0.726,NOMINAL,NOMINAL,NORMAL,0,
1642263300.0,1787418328.668941,1,2.8561,0.354,,2.281,0.1053,0.764,NOMINAL,NOMINAL,NORMAL,0,
1642264200.0,1787418328.7953732,1,3.3105,0.3981,,2.577,0.162,0.957,NOMINAL,NOMINAL,NORMAL,0,
1642265100.0,1787418328.9189098,1,3.0559,0.3666,,1.825,0.1062,0.874,NOMINAL,NOMINAL,NORMAL,0,
1642266000.0,1787418329.0437365,1,2.9453,0.3578,,1.954,0.1086,0.78,NOMINAL,NOMINAL,NORMAL,0,
1642266900.0,1787418329.16883,1,2.9232,0.3757,,2.017,0.1027,0.694,NOMINAL,NOMINAL,NORMAL,0,
1642267800.0,1787418329.294094,1,2.8862,0.4078,,2.242,0.1026,0.706,NOMINAL,NOMINAL,NORMAL,0,
1642268700.0,1787418329.4192522,1,2.9879,0.3871,,2.227,0.1614,0.839,NOMINAL,NOMINAL,NORMAL,0,
1642269600.0,1787418329.5447555,1,3.2209,0.3635,,2.453,0.0852,0.754,NOMINAL,NOMINAL,NORMAL,0,
1642270500.0,1787418329.670498,1,3.4881,0.5589,,2.251,0.0987,0.794,NOMINAL,NOMINAL,NORMAL,0,
1642271400.0,1787418329.7950323,1,3.2862,0.3901,,2.456,0.1064,0.88,NOMINAL,NOMINAL,NORMAL,0,
1642272300.0,1787418329.9207845,1,3.8372,0.4215,,2.132,0.115,0.854,NOMINAL,NOMINAL,NORMAL,0,
1642273200.0,1787418330.0450108,1,3.3518,0.3764,,2.124,0.1121,0.819,NOMINAL,NOMINAL,NORMAL,0,
1642274100.0,1787418330.1686757,1,2.9352,0.3667,,1.862,0.0921,0.799,NOMINAL,NOMINAL,NORMAL,0,
1642275000.0,1787418330.293731,1,2.884,0.4039,,1.923,0.0919,0.754,NOMINAL,NOMINAL,NORMAL,0,
1642275900.0,1787418330.4182382,1,2.6638,0.3416,,1.925,0.0907,0.748,NOMINAL,NOMINAL,NORMAL,0,
1642276800.0,1787418330.54456,1,2.965,0.3702,,2.214,0.1136,0.839,NOMINAL,NOMINAL,NORMAL,0,
1642277700.0,1787418330.66894,1,2.8671,0.3544,,1.996,0.1035,0.831,NOMINAL,NOMINAL,NORMAL,0,
1642278600.0,1787418330.793843,1,2.5613,0.4009,,2.267,0.1066,0.749,NOMINAL,NOMINAL,NORMAL,0,
1642279500.0,1787418330.9201474,1,3.4344,0.4065,,1.989,0.1152,0.869,NOMINAL,NOMINAL,NORMAL,0,
1642280400.0,1787418331.044783,1,3.2208,0.39,,2.408,0.1071,0.907,NOMINAL,NOMINAL,NORMAL,0,
1642281300.0,1787418331.1668012,1,1.9176,0.2136,,1.512,0.0556,0.577,NOMINAL,NOMINAL,NORMAL,0,
1642282200.0,1787418331.2993798,1,4.4122,0.5018,,3.71,0.136,1.172,NOMINAL,NOMINAL,TRIGGERED,1,omni_p6
1642283100.0,1787418331.4235537,1,3.8777,0.443,,2.082,0.1838,3.541,NOMINAL,PRE_ALERT,TRIGGERED,2,omni_p6
1642284000.0,1787418331.5475082,1,3.5152,0.4065,,2.329,0.1507,3.009,PRE_ALERT,NOMINAL,NORMAL,0,
1642284900.0,1787418331.6697927,1,3.295,0.4429,,1.992,0.0912,0.842,NOMINAL,NOMINAL,NORMAL,0,
1642285800.0,1787418331.7940938,1,3.1562,0.3805,,1.808,0.0959,0.685,NOMINAL,NOMINAL,NORMAL,0,
1642286700.0,1787418331.920542,1,3.6211,0.4199,,2.117,0.1144,0.879,NOMINAL,NOMINAL,NORMAL,0,
1642287600.0,1787418332.0447085,1,3.5756,0.4013,,1.876,0.0969,0.757,NOMINAL,NOMINAL,NORMAL,0,
1642288500.0,1787418332.170503,1,3.4911,0.4068,,2.125,0.1093,0.92,NOMINAL,NOMINAL,TRIGGERED,1,omni_p6
1642289400.0,1787418332.302513,1,4.5834,0.536,,3.55,0.2147,3.957,NOMINAL,PRE_ALERT,TRIGGERED,2,omni_p6
1642290300.0,1787418332.4252462,1,4.3854,0.4896,,2.512,0.1892,3.426,PRE_ALERT,NOMINAL,NORMAL,0,
1642291200.0,1787418332.5483875,1,3.8618,0.3828,1.8651,2.328,0.1067,0.824,NOMINAL,NOMINAL,NORMAL,0,
1642292100.0,1787418332.6710453,1,3.8558,0.429,,2.168,0.2439,0.995,NOMINAL,NOMINAL,NORMAL,0,
1642293000.0,1787418332.7951777,1,3.6277,0.4097,,1.946,0.0995,0.803,NOMINAL,NOMINAL,NORMAL,0,
1642293900.0,1787418332.9205105,1,3.9499,0.4051,,1.902,0.1143,0.823,NOMINAL,NOMINAL,TRIGGERED,1,omni_p6
1642294800.0,1787418333.0477364,1,3.5946,0.4054,,2.002,0.1785,3.475,NOMINAL,PRE_ALERT,TRIGGERED,2,omni_p6
1642295700.0,1787418333.1722145,1,3.2702,0.4251,,1.904,0.1565,3.389,PRE_ALERT,NOMINAL,NORMAL,0,
1642296600.0,1787418333.295584,1,3.6307,0.4183,,2.269,0.114,0.812,NOMINAL,NOMINAL,NORMAL,0,
1642297500.0,1787418333.4195552,1,3.2421,0.3919,,2.036,0.1037,0.785,NOMINAL,NOMINAL,NORMAL,0,
1642298400.0,1787418333.544993,1,3.2158,0.3677,,2.678,0.1045,0.817,NOMINAL,NOMINAL,NORMAL,0,
1642299300.0,1787418333.6736205,1,4.2489,0.4445,,3.642,0.1339,1.31,NOMINAL,NOMINAL,NORMAL,0,
1642300200.0,1787418333.7965477,1,3.9271,0.4289,,2.803,0.1122,0.857,NOMINAL,NOMINAL,TRIGGERED,1,omni_p6
1642301100.0,1787418333.9238794,1,3.9935,0.4214,,2.567,0.1754,3.442,NOMINAL,PRE_ALERT,TRIGGERED,2,omni_p6
1642302000.0,1787418334.0478108,1,3.6775,0.4023,,1.924,0.1575,3.267,PRE_ALERT,NOMINAL,NORMAL,0,
1642302900.0,1787418334.1695695,1,3.3459,0.4365,,1.87,0.0916,0.678,NOMINAL,NOMINAL,NORMAL,0,
1642303800.0,1787418334.2947743,1,3.1356,0.3848,,2.426,0.0892,0.729,NOMINAL,NOMINAL,NORMAL,0,
1642304700.0,1787418334.4197056,1,3.0842,0.3911,,2.484,0.0867,0.684,NOMINAL,NOMINAL,NORMAL,0,
1642305600.0,1787418334.5440094,1,2.9957,0.3788,,1.939,0.0879,0.68,NOMINAL,NOMINAL,NORMAL,0,
1642306500.0,1787418334.6699095,1,3.1401,0.4282,,2.233,0.1067,0.759,NOMINAL,NOMINAL,NORMAL,0,
1642307400.0,1787418334.7941475,1,3.0295,0.3663,,1.975,0.0997,0.743,NOMINAL,NOMINAL,TRIGGERED,1,omni_p6
1642308300.0,1787418334.9218986,1,4.5809,0.4187,,2.536,0.1147,0.957,NOMINAL,NOMINAL,NORMAL,0,
1642309200.0,1787418335.0467694,1,4.5777,0.4169,,2.066,0.1219,0.872,NOMINAL,NOMINAL,NORMAL,0,
1642310100.0,1787418335.1699507,1,3.5,0.4873,,1.88,0.1063,0.737,NOMINAL,NOMINAL,NORMAL,0,
1642311000.0,1787418335.2959955,1,3.8948,0.378,,2.635,0.11,0.796,NOMINAL,NOMINAL,NORMAL,0,
1642311900.0,1787418335.4204867,1,3.5217,0.7721,,2.318,0.0975,0.758,NOMINAL,NOMINAL,NORMAL,0,
1642312800.0,1787418335.546036,1,3.5761,0.3841,,2.871,0.0962,0.78,NOMINAL,NOMINAL,NORMAL,0,
1642313700.0,1787418335.6702292,1,3.5214,0.4894,,2.166,0.0982,0.755,NOMINAL,NOMINAL,NORMAL,0,
1642314600.0,1787418335.794553,1,3.4692,0.3719,,1.957,0.0898,0.737,NOMINAL,NOMINAL,NORMAL,0,
1642315500.0,1787418335.9195158,1,3.0718,0.3574,,2.514,0.1031,0.757,NOMINAL,NOMINAL,NORMAL,0,
1642316400.0,1787418336.0486248,1,4.2085,0.4494,,3.204,0.118,1.029,NOMINAL,NOMINAL,NORMAL,0,
1642317300.0,1787418336.1682904,1,2.4104,0.4828,,1.718,0.0541,0.452,NOMINAL,NOMINAL,NORMAL,0,
1642318200.0,1787418336.30086,1,5.0572,0.4872,,4.215,0.1346,1.096,NOMINAL,NOMINAL,NORMAL,0,
1642319100.0,1787418336.422269,1,4.8084,0.501,,2.434,0.0974,0.732,NOMINAL,NOMINAL,NORMAL,0,
1642320000.0,1787418336.5468776,1,4.0861,0.4013,,2.787,0.0909,0.802,NOMINAL,NOMINAL,NORMAL,0,
1642320900.0,1787418336.6706097,1,3.9193,0.3966,,2.053,0.0902,0.755,NOMINAL,NOMINAL,NORMAL,0,
1642321800.0,1787418336.7958834,1,3.7062,0.3972,,2.707,0.0877,0.747,NOMINAL,NOMINAL,NORMAL,0,
1642322700.0,1787418336.9200637,1,3.3218,0.5434,,2.551,0.0914,0.74,NOMINAL,NOMINAL,TRIGGERED,1,omni_p6
1642323600.0,1787418337.0473602,1,4.2055,0.4312,,2.721,0.1226,1.116,NOMINAL,NOMINAL,NORMAL,0,
1642324500.0,1787418337.171585,1,3.8399,0.4854,,2.929,0.1197,0.945,NOMINAL,NOMINAL,NORMAL,0,
1642325400.0,1787418337.2996223,1,4.7691,0.5329,,3.461,0.1319,1.127,NOMINAL,NOMINAL,NORMAL,0,
1642326300.0,1787418337.4231389,1,4.6589,0.5127,,3.162,0.1212,1.027,NOMINAL,NOMINAL,NORMAL,0,
1642327200.0,1787418337.5466342,1,4.0975,0.4268,,2.408,0.1166,0.867,NOMINAL,NOMINAL,NORMAL,0,
1642328100.0,1787418337.670512,1,3.6539,0.4214,,2.326,0.1141,0.847,NOMINAL,NOMINAL,NORMAL,0,
1642329000.0,1787418337.7947261,1,3.4294,0.3932,,2.014,0.1055,0.739,NOMINAL,NOMINAL,TRIGGERED,1,omni_p6
1642329900.0,1787418337.919112,1,3.0037,0.3734,,2.203,0.0999,0.791,NOMINAL,NOMINAL,NORMAL,0,
1642330800.0,1787418338.0469263,1,3.9672,0.402,,2.387,0.1245,1.018,NOMINAL,NOMINAL,NORMAL,0,
1642331700.0,1787418338.1696756,1,2.984,0.493,,2.217,0.114,0.779,NOMINAL,NOMINAL,NORMAL,0,
1642332600.0,1787418338.2941446,1,3.0182,0.4815,,1.949,0.1067,0.757,NOMINAL,NOMINAL,NORMAL,0,
1642333500.0,1787418338.4193125,1,3.0894,0.461,,2.276,0.1498,0.848,NOMINAL,NOMINAL,NORMAL,0,
1642334400.0,1787418338.5444613,1,3.467,0.3676,,2.185,0.0936,0.782,NOMINAL,NOMINAL,TRIGGERED,1,omni_p6
1642335300.0,1787418338.6720243,1,2.8737,0.5801,,2.263,0.1779,3.521,NOMINAL,PRE_ALERT,TRIGGERED,2,omni_p6
1642336200.0,1787418338.797592,1,3.5163,0.3936,,2.167,0.1786,3.424,PRE_ALERT,NOMINAL,NORMAL,0,
1642337100.0,1787418338.9180841,1,2.771,0.3421,,1.611,0.1047,0.735,NOMINAL,NOMINAL,NORMAL,0,
1642338000.0,1787418339.0465705,1,3.9547,0.4415,,2.482,0.1248,0.929,NOMINAL,NOMINAL,NORMAL,0,
1642338900.0,1787418339.1693282,1,2.8544,0.6289,,2.347,0.1028,0.819,NOMINAL,NOMINAL,NORMAL,0,
1642339800.0,1787418339.2961354,1,3.8032,0.3949,,2.749,0.1157,0.911,NOMINAL,NOMINAL,NORMAL,0,
1642340700.0,1787418339.4205992,1,3.2301,0.9064,,2.654,0.1031,0.784,NOMINAL,NOMINAL,TRIGGERED,1,omni_p6
1642341600.0,1787418339.5477583,1,3.6026,0.3769,,2.012,0.173,3.409,NOMINAL,PRE_ALERT,TRIGGERED,2,omni_p6
1642342500.0,1787418339.6723773,1,3.4902,0.5147,,1.856,0.1522,3.15,PRE_ALERT,NOMINAL,NORMAL,0,
1642343400.0,1787418339.7953608,1,3.5387,0.3844,,2.452,0.0936,0.744,NOMINAL,NOMINAL,NORMAL,0,
1642344300.0,1787418339.9200525,1,3.1661,0.379,,2.649,0.0863,0.665,NOMINAL,NOMINAL,NORMAL,0,
1642345200.0,1787418340.0452697,1,3.3891,0.397,,2.183,0.1041,0.768,NOMINAL,NOMINAL,NORMAL,0,
1642346100.0,1787418340.171314,1,3.895,0.4366,,2.371,0.1738,0.939,NOMINAL,NOMINAL,NORMAL,0,
1642347000.0,1787418340.2956364,1,3.6304,0.4138,,2.429,0.1026,0.808,NOMINAL,NOMINAL,TRIGGERED,1,omni_p6
1642347900.0,1787418340.4201753,1,3.4869,0.4127,,2.31,0.0966,0.747,NOMINAL,NOMINAL,NORMAL,0,
1642348800.0,1787418340.5445197,1,3.4548,0.3731,,1.779,0.0943,0.702,NOMINAL,NOMINAL,NORMAL,0,
1642349700.0,1787418340.6695883,1,3.4405,0.4271,,1.781,0.1035,0.713,NOMINAL,NOMINAL,NORMAL,0,
1642350600.0,1787418340.7950873,1,3.5789,0.3903,,1.946,0.1045,0.825,NOMINAL,NOMINAL,NORMAL,0,
1642351500.0,1787418340.919245,1,3.3627,0.3959,,1.455,0.1546,0.762,NOMINAL,NOMINAL,NORMAL,0,
1642352400.0,1787418341.0465455,1,3.8752,0.4661,,2.526,0.1278,0.898,NOMINAL,NOMINAL,NORMAL,0,
1642353300.0,1787418341.1671262,1,1.9176,0.2219,,1.476,0.0559,0.478,NOMINAL,NOMINAL,NORMAL,0,
1642354200.0,1787418341.2997527,1,4.5276,0.523,,3.503,0.1415,1.103,NOMINAL,NOMINAL,NORMAL,0,
1642355100.0,1787418341.421312,1,4.1555,0.4559,,2.164,0.1128,0.844,NOMINAL,NOMINAL,NORMAL,0,
1642356000.0,1787418341.5453427,1,3.7729,0.4074,,1.91,0.1051,0.791,NOMINAL,NOMINAL,NORMAL,0,
1642356900.0,1787418341.6705098,1,3.7456,0.4143,,1.953,0.1097,0.856,NOMINAL,NOMINAL,NORMAL,0,
1642357800.0,1787418341.7949247,1,3.6721,0.3971,,1.8,0.1037,0.783,NOMINAL,NOMINAL,NORMAL,0,
1642358700.0,1787418341.919537,1,3.4196,0.3868,,1.986,0.1051,0.725,NOMINAL,NOMINAL,NORMAL,0,
1642359600.0,1787418342.0443847,1,3.3747,0.3759,,1.841,0.1,0.688,NOMINAL,NOMINAL,NORMAL,0,
1642360500.0,1787418342.1711962,1,3.8318,0.4239,,2.27,0.119,0.933,NOMINAL,NOMINAL,NORMAL,0,
1642361400.0,1787418342.299862,1,4.6714,0.5175,,3.409,0.1349,1.053,NOMINAL,NOMINAL,NORMAL,0,
1642362300.0,1787418342.4218838,1,3.9417,0.4145,,2.67,0.1111,0.924,NOMINAL,NOMINAL,NORMAL,0,
1642363200.0,1787418342.545964,1,3.768,0.425,,2.565,0.1035,0.803,NOMINAL,NOMINAL,NORMAL,0,
1642364100.0,1787418342.670846,1,3.8723,0.4348,,2.108,0.1147,0.882,NOMINAL,NOMINAL,NORMAL,0,
1642365000.0,1787418342.7955902,1,3.6127,0.4001,,2.48,0.1005,0.75,NOMINAL,NOMINAL,NORMAL,0,
1642365900.0,1787418342.9199598,1,3.5025,0.4143,,2.022,0.1021,0.707,NOMINAL,NOMINAL,NORMAL,0,
1642366800.0,1787418343.0445614,1,3.4262,0.3891,,1.555,0.0913,0.679,NOMINAL,NOMINAL,NORMAL,0,
1642367700.0,1787418343.1712105,1,3.8842,0.425,,2.209,0.1111,0.864,NOMINAL,NOMINAL,TRIGGERED,1,omni_p6
1642368600.0,1787418343.2951245,1,3.4725,0.4003,,2.184,0.0924,0.769,NOMINAL,NOMINAL,NORMAL,0,
1642369500.0,1787418343.4199815,1,3.2945,0.3784,,2.348,0.085,0.659,NOMINAL,NOMINAL,NORMAL,0,
1642370400.0,1787418343.545016,1,3.238,0.3727,,2.02,0.0836,0.639,NOMINAL,NOMINAL,NORMAL,0,
1642371300.0,1787418343.6697574,1,3.1974,0.3895,,1.684,0.087,0.658,NOMINAL,NOMINAL,NORMAL,0,
1642372200.0,1787418343.7938282,1,3.1772,0.3791,,1.585,0.0898,0.656,NOMINAL,NOMINAL,NORMAL,0,
1642373100.0,1787418343.9192152,1,3.2495,0.3797,,1.831,0.1269,0.705,NOMINAL,NOMINAL,TRIGGERED,1,omni_p6
1642374000.0,1787418344.0464528,1,3.2049,0.3652,,1.531,0.1474,3.176,NOMINAL,PRE_ALERT,TRIGGERED,2,omni_p6
1642374900.0,1787418344.1737967,1,3.9455,0.4177,,2.108,0.1735,3.328,PRE_ALERT,NOMINAL,NORMAL,0,
1642375800.0,1787418344.2950006,1,3.7135,0.4072,,1.725,0.0908,0.716,NOMINAL,NOMINAL,NORMAL,0,
1642376700.0,1787418344.419945,1,3.6709,0.4158,,1.795,0.1032,0.722,NOMINAL,NOMINAL,NORMAL,0,
1642377600.0,1787418344.5467997,1,3.5864,0.361,1.9503,1.683,0.0967,0.774,NOMINAL,NOMINAL,NORMAL,0,
1642378500.0,1787418344.670362,1,3.7423,0.4088,,1.93,0.1084,0.749,NOMINAL,NOMINAL,NORMAL,0,
1642379400.0,1787418344.7953875,1,3.7762,0.4254,,1.923,0.11,0.829,NOMINAL,NOMINAL,TRIGGERED,1,omni_p6
1642380300.0,1787418344.9223003,1,3.437,0.3979,,2.064,0.1629,3.157,NOMINAL,PRE_ALERT,TRIGGERED,2,omni_p6
1642381200.0,1787418345.04663,1,3.3518,0.3949,,1.71,0.1373,2.894,PRE_ALERT,NOMINAL,NORMAL,0,
1642382100.0,1787418345.1714122,1,3.8683,0.4402,,2.237,0.11,0.919,NOMINAL,NOMINAL,NORMAL,0,
1642383000.0,1787418345.2953947,1,3.7973,0.4099,,1.866,0.1093,0.82,NOMINAL,NOMINAL,NORMAL,0,
1642383900.0,1787418345.4199765,1,3.5443,0.3762,,2.178,0.1103,0.721,NOMINAL,NOMINAL,NORMAL,0,
1642384800.0,1787418345.5445828,1,3.2835,0.3608,,1.995,0.0985,0.684,NOMINAL,NOMINAL,NORMAL,0,
1642385700.0,1787418345.6697402,1,3.3954,0.4018,,1.781,0.0997,0.723,NOMINAL,NOMINAL,TRIGGERED,1,omni_p6
1642386600.0,1787418345.7966828,1,3.2418,0.3771,,1.71,0.1614,3.264,NOMINAL,PRE_ALERT,TRIGGERED,2,omni_p6
1642387500.0,1787418345.9218397,1,3.3208,0.4005,,2.033,0.1388,2.904,PRE_ALERT,NOMINAL,NORMAL,0,
1642388400.0,1787418346.0464144,1,3.4931,0.4638,,2.549,0.0917,0.805,NOMINAL,NOMINAL,NORMAL,0,
1642389300.0,1787418346.1672919,1,1.9174,0.2247,,1.514,0.0581,0.47,NOMINAL,NOMINAL,NORMAL,0,
1642390200.0,1787418346.2999442,1,4.529,0.5239,,3.597,0.1344,1.156,NOMINAL,NOMINAL,NORMAL,0,
1642391100.0,1787418346.4210317,1,4.0071,0.4361,,2.095,0.1158,0.798,NOMINAL,NOMINAL,NORMAL,0,
1642392000.0,1787418346.5459356,1,3.6523,0.4165,,2.397,0.1098,0.808,NOMINAL,NOMINAL,TRIGGERED,1,omni_p6
1642392900.0,1787418346.6698985,1,3.4995,0.411,,1.841,0.0951,0.729,NOMINAL,NOMINAL,NORMAL,0,
1642393800.0,1787418346.7951677,1,3.6633,0.4333,,1.906,0.0913,0.817,NOMINAL,NOMINAL,NORMAL,0,
1642394700.0,1787418346.9194026,1,3.4377,0.4102,,1.502,0.0918,0.777,NOMINAL,NOMINAL,NORMAL,0,
1642395600.0,1787418347.0450716,1,3.4792,0.4139,,1.961,0.0918,0.735,NOMINAL,NOMINAL,NORMAL,0,
1642396500.0,1787418347.169317,1,3.254,0.4415,,1.614,0.0815,0.656,NOMINAL,NOMINAL,NORMAL,0,
1642397400.0,1787418347.3001513,1,4.5013,0.5071,,3.645,0.1286,1.161,NOMINAL,NOMINAL,NORMAL,0,
1642398300.0,1787418347.4234436,1,4.2346,0.4608,,3.09,0.1198,1.846,NOMINAL,NOMINAL,NORMAL,0,
1642399200.0,1787418347.5470796,1,4.166,0.4512,,2.599,0.1085,0.909,NOMINAL,NOMINAL,NORMAL,0,
1642400100.0,1787418347.6703086,1,3.7875,0.4196,,1.846,0.1013,0.707,NOMINAL,NOMINAL,NORMAL,0,
1642401000.0,1787418347.7954822,1,3.6961,0.4387,,1.967,0.0958,0.851,NOMINAL,NOMINAL,NORMAL,0,
1642401900.0,1787418347.9212208,1,3.9055,0.4136,,2.28,0.1015,0.804,NOMINAL,NOMINAL,NORMAL,0,
1642402800.0,1787418348.0453794,1,3.7485,0.4137,,1.851,0.1037,0.789,NOMINAL,NOMINAL,NORMAL,0,
1642403700.0,1787418348.1706288,1,3.621,0.4009,,1.906,0.1032,0.782,NOMINAL,NOMINAL,NORMAL,0,
1642404600.0,1787418348.297278,1,4.1608,0.4414,,2.64,0.1091,0.864,NOMINAL,NOMINAL,NORMAL,0,
1642405500.0,1787418348.4207323,1,3.744,0.4259,,2.068,0.106,0.818,NOMINAL,NOMINAL,NORMAL,0,
1642406400.0,1787418348.5454988,1,3.5199,0.442,,1.85,0.1009,0.748,NOMINAL,NOMINAL,NORMAL,0,
1642407300.0,1787418348.6701186,1,3.533,0.4003,,2.022,0.0918,0.78,NOMINAL,NOMINAL,NORMAL,0,
1642408200.0,1787418348.794843,1,3.639,0.3989,,1.818,0.0982,0.762,NOMINAL,NOMINAL,TRIGGERED,1,omni_p6
1642409100.0,1787418348.919392,1,3.449,0.3964,,1.549,0.0997,0.761,NOMINAL,NOMINAL,NORMAL,0,
1642410000.0,1787418349.0442948,1,3.3625,0.3894,,1.657,0.0942,0.735,NOMINAL,NOMINAL,NORMAL,0,
1642410900.0,1787418349.1691313,1,3.1601,0.38,,1.606,0.0853,0.765,NOMINAL,NOMINAL,NORMAL,0,
1642411800.0,1787418349.2961783,1,3.7534,0.4241,,2.474,0.1213,0.925,NOMINAL,NOMINAL,NORMAL,0,
1642412700.0,1787418349.4205294,1,3.5747,0.4087,,2.432,0.0974,0.83,NOMINAL,NOMINAL,NORMAL,0,
1642413600.0,1787418349.5444472,1,3.44,0.3966,,1.721,0.0952,0.72,NOMINAL,NOMINAL,TRIGGERED,1,omni_p6
1642414500.0,1787418349.672306,1,3.2815,0.4262,,1.79,0.1603,3.473,NOMINAL,PRE_ALERT,TRIGGERED,2,omni_p6
1642415400.0,1787418349.7972908,1,3.6757,0.3896,,1.818,0.1518,3.019,PRE_ALERT,NOMINAL,NORMAL,0,
1642416300.0,1787418349.9203944,1,3.6008,0.3873,,2.227,0.0944,0.743,NOMINAL,NOMINAL,NORMAL,0,
1642417200.0,1787418350.0447333,1,3.4761,0.3861,,1.99,0.0888,0.687,NOMINAL,NOMINAL,NORMAL,0,
1642418100.0,1787418350.1693218,1,3.3297,0.413,,1.594,0.0962,0.68,NOMINAL,NOMINAL,NORMAL,0,
1642419000.0,1787418350.2961686,1,3.9483,0.4217,,2.303,0.1213,0.87,NOMINAL,NOMINAL,NORMAL,0,
1642419900.0,1787418350.420352,1,3.5974,0.4444,,1.998,0.1028,0.802,NOMINAL,NOMINAL,TRIGGERED,1,omni_p6
1642420800.0,1787418350.5483637,1,3.5747,0.4122,,2.407,0.1716,3.464,NOMINAL,PRE_ALERT,TRIGGERED,2,omni_p6
1642421700.0,1787418350.6724665,1,3.4911,0.4029,,1.845,0.1472,3.236,PRE_ALERT,NOMINAL,NORMAL,0,
1642422600.0,1787418350.7953424,1,3.8039,0.4113,,1.902,0.1041,0.768,NOMINAL,NOMINAL,NORMAL,0,
1642423500.0,1787418350.9201849,1,3.5589,0.4097,,2.206,0.096,0.705,NOMINAL,NOMINAL,NORMAL,0,
1642424400.0,1787418351.0442743,1,3.4363,0.4015,,1.606,0.0907,0.705,NOMINAL,NOMINAL,NORMAL,0,
1642425300.0,1787418351.1673052,1,1.9309,0.2309,,1.542,0.0548,0.456,NOMINAL,NOMINAL,NORMAL,0,
1642426200.0,1787418351.3002307,1,4.8123,0.5165,,3.539,0.1344,1.239,NOMINAL,NOMINAL,TRIGGERED,1,omni_p6
1642427100.0,1787418351.4217336,1,4.2759,0.4703,,2.119,0.1203,0.81,NOMINAL,NOMINAL,NORMAL,0,
1642428000.0,1787418351.5464382,1,4.0734,0.4295,,1.903,0.0939,0.759,NOMINAL,NOMINAL,NORMAL,0,
1642428900.0,1787418351.673692,1,4.3859,0.4607,,2.896,0.1372,1.193,NOMINAL,NOMINAL,NORMAL,0,
1642429800.0,1787418351.7958405,1,4.056,0.4218,,1.904,0.1026,0.761,NOMINAL,NOMINAL,NORMAL,0,
1642430700.0,1787418351.920249,1,3.9043,0.4147,,1.722,0.1047,0.761,NOMINAL,NOMINAL,NORMAL,0,
1642431600.0,1787418352.0472782,1,4.2532,0.4447,,2.6,0.1135,0.986,NOMINAL,NOMINAL,TRIGGERED,1,omni_p6
1642432500.0,1787418352.1732316,1,3.803,0.4222,,1.829,0.175,3.603,NOMINAL,PRE_ALERT,TRIGGERED,2,omni_p6
1642433400.0,1787418352.3028252,1,4.7198,0.476,,3.642,0.2051,3.758,PRE_ALERT,NOMINAL,NORMAL,0,
1642434300.0,1787418352.4225225,1,4.4841,0.4777,,2.317,0.1052,0.807,NOMINAL,NOMINAL,NORMAL,0,
1642435200.0,1787418352.5476532,1,4.3321,0.4491,,2.929,0.1165,0.961,NOMINAL,NOMINAL,NORMAL,0,
1642436100.0,1787418352.670014,1,3.6477,0.4177,,1.723,0.0918,0.727,NOMINAL,NOMINAL,NORMAL,0,
1642437000.0,1787418352.7950032,1,3.5917,0.415,,1.922,0.0884,0.746,NOMINAL,NOMINAL,NORMAL,0,
1642437900.0,1787418352.9197292,1,3.3617,0.3929,,1.962,0.0901,0.703,NOMINAL,NOMINAL,NORMAL,0,
1642438800.0,1787418353.0442872,1,3.3184,0.384,,1.68,0.0874,0.69,NOMINAL,NOMINAL,NORMAL,0,
1642439700.0,1787418353.1690762,1,3.1782,0.4036,,1.61,0.0848,0.632,NOMINAL,NOMINAL,NORMAL,0,
1642440600.0,1787418353.2947373,1,3.3168,0.3947,,1.953,0.1054,0.797,NOMINAL,NOMINAL,NORMAL,0,
1642441500.0,1787418353.4221354,1,3.9798,0.4752,,2.706,0.1211,1.028,NOMINAL,NOMINAL,NORMAL,0,
1642442400.0,1787418353.546334,1,3.6902,0.414,,2.1,0.106,0.802,NOMINAL,NOMINAL,NORMAL,0,
1642443300.0,1787418353.6707814,1,3.5829,0.4066,,2.45,0.1019,0.792,NOMINAL,NOMINAL,NORMAL,0,
1642444200.0,1787418353.7955668,1,3.8179,0.4157,,2.07,0.1033,0.744,NOMINAL,NOMINAL,NORMAL,0,
1642445100.0,1787418353.9198701,1,3.6089,0.4115,,1.649,0.0956,0.717,NOMINAL,NOMINAL,NORMAL,0,
1642446000.0,1787418354.0446217,1,3.369,0.3907,,1.722,0.1007,0.829,NOMINAL,NOMINAL,NORMAL,0,
1642446900.0,1787418354.169268,1,3.2138,0.4336,,1.69,0.0937,0.672,NOMINAL,NOMINAL,NORMAL,0,
1642447800.0,1787418354.2952816,1,3.5483,0.3898,,2.185,0.0957,0.8,NOMINAL,NOMINAL,NORMAL,0,
1642448700.0,1787418354.4226575,1,4.3506,0.5054,,2.679,0.1197,1.02,NOMINAL,NOMINAL,NORMAL,0,
1642449600.0,1787418354.5463388,1,3.8976,0.4795,,2.487,0.1068,0.903,NOMINAL,NOMINAL,NORMAL,0,
1642450500.0,1787418354.6713672,1,4.0488,0.4415,,2.14,0.1097,0.89,NOMINAL,NOMINAL,NORMAL,0,
1642451400.0,1787418354.7988234,1,4.4362,0.616,,3.149,0.1224,1.034,NOMINAL,NOMINAL,NORMAL,0,
1642452300.0,1787418354.921023,1,4.1129,0.4519,,1.801,0.1097,0.731,NOMINAL,NOMINAL,TRIGGERED,1,omni_p6
1642453200.0,1787418355.0475557,1,3.6421,0.4,,1.731,0.1654,3.433,NOMINAL,PRE_ALERT,TRIGGERED,2,omni_p6
1642454100.0,1787418355.1768034,1,4.4245,0.4767,,3.411,0.1976,3.579,PRE_ALERT,NOMINAL,NORMAL,0,
1642455000.0,1787418355.2958865,1,3.7851,0.4234,,2.211,0.1014,0.756,NOMINAL,NOMINAL,NORMAL,0,
1642455900.0,1787418355.421466,1,3.8768,0.4277,,2.357,0.106,0.78,NOMINAL,NOMINAL,NORMAL,0,
1642456800.0,1787418355.5450218,1,3.569,0.4219,,1.863,0.0994,0.72,NOMINAL,NOMINAL,NORMAL,0,
1642457700.0,1787418355.6726537,1,4.1886,0.4441,,2.845,0.1198,0.967,NOMINAL,NOMINAL,NORMAL,0,
1642458600.0,1787418355.7952142,1,3.7626,0.411,,1.838,0.154,0.842,NOMINAL,NOMINAL,TRIGGERED,1,omni_p6
1642459500.0,1787418355.9224644,1,3.4148,0.3907,,2.171,0.1689,3.257,NOMINAL,PRE_ALERT,TRIGGERED,2,omni_p6
1642460400.0,1787418356.0474298,1,3.4141,0.3895,,2.285,0.1495,2.929,PRE_ALERT,NOMINAL,NORMAL,0,
1642461300.0,1787418356.16726,1,1.9276,0.2146,,1.535,0.0556,0.458,NOMINAL,NOMINAL,NORMAL,0,
1642462200.0,1787418356.3014536,1,4.5612,0.5193,,5.099,0.1256,1.099,NOMINAL,NOMINAL,NORMAL,0,
1642463100.0,1787418356.4215348,1,4.1042,0.4721,,2.297,0.1089,0.79,NOMINAL,NOMINAL,NORMAL,0,
1642464000.0,1787418356.5489376,1,4.2189,0.4093,1.8326,2.467,0.121,0.896,NOMINAL,NOMINAL,NORMAL,0,
1642464900.0,1787418356.6710858,1,4.0164,0.4468,,2.185,0.0975,0.83,NOMINAL,NOMINAL,TRIGGERED,1,omni_p6
1642465800.0,1787418356.7991865,1,4.0878,0.4496,,2.419,0.1767,3.556,NOMINAL,PRE_ALERT,TRIGGERED,2,omni_p6
1642466700.0,1787418356.9222643,1,3.7961,0.4339,,1.754,0.1536,2.859,PRE_ALERT,NOMINAL,NORMAL,0,
1642467600.0,1787418357.045565,1,3.9006,0.4586,,1.938,0.1052,0.757,NOMINAL,NOMINAL,NORMAL,0,
1642468500.0,1787418357.1698637,1,3.4293,0.3972,,1.806,0.0877,0.655,NOMINAL,NOMINAL,NORMAL,0,
1642469400.0,1787418357.2999582,1,4.5726,0.5243,,3.624,0.1379,1.057,NOMINAL,NOMINAL,NORMAL,0,
1642470300.0,1787418357.4217973,1,4.2326,0.4506,,2.32,0.1073,0.811,NOMINAL,NOMINAL,TRIGGERED,1,omni_p6
1642471200.0,1787418357.5521433,1,4.4459,0.49,,3.186,0.2008,4.429,NOMINAL,PRE_ALERT,TRIGGERED,2,omni_p6
1642472100.0,1787418357.6736999,1,4.0921,0.4284,,1.937,0.1699,3.068,PRE_ALERT,NOMINAL,NORMAL,0,
1642473000.0,1787418357.7957244,1,3.9804,0.4068,,2.119,0.1029,0.73,NOMINAL,NOMINAL,NORMAL,0,
1642473900.0,1787418357.9199944,1,3.564,0.4361,,1.832,0.1036,0.71,NOMINAL,NOMINAL,NORMAL,0,
1642474800.0,1787418358.0445762,1,3.4605,0.3866,,1.842,0.0985,0.679,NOMINAL,NOMINAL,NORMAL,0,
1642475700.0,1787418358.1699944,1,3.3888,0.3757,,1.921,0.0963,0.708,NOMINAL,NOMINAL,NORMAL,0,
1642476600.0,1787418358.2947915,1,3.4213,0.3969,,1.908,0.0944,0.751,NOMINAL,NOMINAL,TRIGGERED,1,omni_p6
1642477500.0,1787418358.4236004,1,3.7351,0.425,,2.235,0.1715,3.715,NOMINAL,PRE_ALERT,TRIGGERED,2,omni_p6
1642478400.0,1787418358.5497456,1,4.2399,0.4452,,2.672,0.2379,3.352,PRE_ALERT,NOMINAL,NORMAL,0,
1642479300.0,1787418358.6706378,1,3.9303,0.4353,,1.968,0.1105,0.732,NOMINAL,NOMINAL,NORMAL,0,
1642480200.0,1787418358.7950962,1,3.7228,0.4092,,1.878,0.1015,0.786,NOMINAL,NOMINAL,NORMAL,0,
1642481100.0,1787418358.9201434,1,3.5452,0.4237,,2.288,0.092,0.724,NOMINAL,NOMINAL,NORMAL,0,
1642482000.0,1787418359.0445116,1,3.3313,0.382,,2.022,0.1024,0.706,NOMINAL,NOMINAL,NORMAL,0,
1642482900.0,1787418359.1694486,1,3.2758,0.4223,,1.929,0.0888,0.679,NOMINAL,NOMINAL,NORMAL,0,
1642483800.0,1787418359.2947679,1,3.4352,0.4016,,1.971,0.1129,0.796,NOMINAL,NOMINAL,NORMAL,0,
1642484700.0,1787418359.420071,1,3.2059,0.393,,2.531,0.0925,0.734,NOMINAL,NOMINAL,NORMAL,0,
1642485600.0,1787418359.5485497,1,4.2101,0.4523,,3.413,0.121,0.956,NOMINAL,NOMINAL,NORMAL,0,
1642486500.0,1787418359.67077,1,3.9331,0.4152,,1.977,0.1004,0.801,NOMINAL,NOMINAL,NORMAL,0,
1642487400.0,1787418359.7953682,1,3.8047,0.4209,,1.885,0.1044,0.817,NOMINAL,NOMINAL,NORMAL,0,
1642488300.0,1787418359.9196098,1,3.6375,0.4058,,1.622,0.1009,0.732,NOMINAL,NOMINAL,NORMAL,0,
1642489200.0,1787418360.0488095,1,4.1723,0.4516,,3.585,0.1256,1.08,NOMINAL,NOMINAL,NORMAL,0,
1642490100.0,1787418360.1712387,1,4.0631,0.4375,,2.168,0.1176,0.905,NOMINAL,NOMINAL,NORMAL,0,
1642491000.0,1787418360.2955735,1,3.8579,0.4258,,1.99,0.1095,0.814,NOMINAL,NOMINAL,NORMAL,0,
1642491900.0,1787418360.4211438,1,3.8941,0.4229,,2.58,0.1019,0.814,NOMINAL,NOMINAL,NORMAL,0,
1642492800.0,1787418360.546496,1,3.8891,0.4623,,2.487,0.106,0.824,NOMINAL,NOMINAL,TRIGGERED,1,omni_p6
1642493700.0,1787418360.6707454,1,3.8144,0.4316,,2.143,0.1063,0.822,NOMINAL,NOMINAL,NORMAL,0,
1642494600.0,1787418360.7952473,1,3.639,0.4024,,2.05,0.1576,0.827,NOMINAL,NOMINAL,NORMAL,0,
1642495500.0,1787418360.9200945,1,3.5323,0.4016,,2.168,0.0904,0.707,NOMINAL,NOMINAL,NORMAL,0,
1642496400.0,1787418361.044613,1,3.4196,0.3906,,1.787,0.0888,0.666,NOMINAL,NOMINAL,TRIGGERED,1,omni_p6
1642497300.0,1787418361.1673121,1,1.9536,0.2262,,1.577,0.0569,0.465,NOMINAL,NOMINAL,NORMAL,0,
1642498200.0,1787418361.3001196,1,4.6042,0.4916,,3.643,0.1421,1.1,NOMINAL,NOMINAL,NORMAL,0,
1642499100.0,1787418361.4219308,1,4.0186,0.459,,2.826,0.1054,0.825,NOMINAL,NOMINAL,TRIGGERED,1,omni_p6
1642500000.0,1787418361.5460186,1,3.8386,0.437,,2.38,0.1114,0.85,NOMINAL,NOMINAL,NORMAL,0,
1642500900.0,1787418361.6705303,1,3.7411,0.4148,,2.062,0.1086,0.771,NOMINAL,NOMINAL,NORMAL,0,
1642501800.0,1787418361.7948554,1,3.5182,0.3997,,1.832,0.1007,0.797,NOMINAL,NOMINAL,NORMAL,0,
1642502700.0,1787418361.9202883,1,3.4204,0.3867,,2.506,0.0935,0.721,NOMINAL,NOMINAL,NORMAL,0,
1642503600.0,1787418362.045092,1,3.3169,0.38,,2.344,0.0957,0.703,NOMINAL,NOMINAL,NORMAL,0,
1642504500.0,1787418362.171433,1,3.707,0.4203,,2.626,0.1158,0.823,NOMINAL,NOMINAL,TRIGGERED,1,omni_p6
1642505400.0,1787418362.302884,1,4.5748,0.5129,,3.64,0.2049,3.985,NOMINAL,PRE_ALERT,TRIGGERED,2,omni_p6
1642506300.0,1787418362.424881,1,4.4807,0.5386,,2.341,0.1714,3.256,PRE_ALERT,NOMINAL,NORMAL,0,
1642507200.0,1787418362.5475457,1,4.2854,0.471,,2.628,0.1136,0.961,NOMINAL,NOMINAL,NORMAL,0,
1642508100.0,1787418362.6722355,1,4.1696,0.4569,,2.64,0.1255,0.898,NOMINAL,NOMINAL,NORMAL,0,
1642509000.0,1787418362.7964244,1,4.0474,0.4454,,2.324,0.1052,0.803,NOMINAL,NOMINAL,NORMAL,0,
1642509900.0,1787418362.9197912,1,3.6164,0.4185,,1.699,0.0979,0.726,NOMINAL,NOMINAL,NORMAL,0,
1642510800.0,1787418363.0444336,1,3.4796,0.3891,,1.671,0.092,0.701,NOMINAL,NOMINAL,TRIGGERED,1,omni_p6
1642511700.0,1787418363.1723404,1,3.3689,0.4313,,1.806,0.1583,3.41,NOMINAL,PRE_ALERT,TRIGGERED,2,omni_p6
1642512600.0,1787418363.2973552,1,3.5932,0.4032,,1.9,0.1583,3.078,PRE_ALERT,NOMINAL,NORMAL,0,
1642513500.0,1787418363.4203584,1,3.5184,0.4021,,2.383,0.0908,0.715,NOMINAL,NOMINAL,NORMAL,0,
1642514400.0,1787418363.5445933,1,3.2999,0.3783,,1.958,0.0861,0.662,NOMINAL,NOMINAL,NORMAL,0,
1642515300.0,1787418363.6719363,1,3.8107,0.4228,,2.474,0.1119,0.968,NOMINAL,NOMINAL,NORMAL,0,
1642516200.0,1787418363.795349,1,3.7422,0.4224,,1.944,0.1047,0.808,NOMINAL,NOMINAL,NORMAL,0,
1642517100.0,1787418363.9208536,1,3.6478,0.4104,,2.725,0.0974,0.761,NOMINAL,NOMINAL,TRIGGERED,1,omni_p6
1642518000.0,1787418364.0482817,1,3.506,0.4109,,2.527,0.1692,3.374,NOMINAL,PRE_ALERT,TRIGGERED,2,omni_p6
1642518900.0,1787418364.1722443,1,3.3701,0.3936,,1.866,0.1484,3.015,PRE_ALERT,NOMINAL,NORMAL,0,
1642519800.0,1787418364.2948904,1,3.5065,0.4095,,1.885,0.1024,0.755,NOMINAL,NOMINAL,NORMAL,0,
1642520700.0,1787418364.4209595,1,3.4881,0.3979,,2.898,0.1027,0.793,NOMINAL,NOMINAL,NORMAL,0,
1642521600.0,1787418364.545194,1,3.2981,0.3885,,2.48,0.0882,0.693,NOMINAL,NOMINAL,NORMAL,0,
1642522500.0,1787418364.671534,1,3.728,0.4363,,2.302,0.1093,0.9,NOMINAL,NOMINAL,NORMAL,0,
1642523400.0,1787418364.7951925,1,3.6631,0.4338,,1.89,0.0918,0.81,NOMINAL,NOMINAL,NORMAL,0,
1642524300.0,1787418364.919772,1,3.572,0.4154,,1.66,0.0925,0.756,NOMINAL,NOMINAL,NORMAL,0,
1642525200.0,1787418365.044755,1,3.5348,0.4045,,1.797,0.1012,0.73,NOMINAL,NOMINAL,NORMAL,0,
1642526100.0,1787418365.1698477,1,3.3749,0.4262,,2.132,0.0962,0.691,NOMINAL,NOMINAL,NORMAL,0,
1642527000.0,1787418365.2943535,1,3.3491,0.392,,1.695,0.0894,0.691,NOMINAL,NOMINAL,NORMAL,0,
1642527900.0,1787418365.4213023,1,3.8035,0.4316,,2.674,0.1076,0.844,NOMINAL,NOMINAL,NORMAL,0,
1642528800.0,1787418365.545089,1,3.6061,0.4079,,1.888,0.0978,0.761,NOMINAL,NOMINAL,NORMAL,0,
1642529700.0,1787418365.6712122,1,3.7187,0.4087,,2.234,0.1502,0.867,NOMINAL,NOMINAL,NORMAL,0,
1642530600.0,1787418365.79606,1,3.9248,0.4345,,2.244,0.1033,0.804,NOMINAL,NOMINAL,NORMAL,0,
1642531500.0,1787418365.920349,1,3.5126,0.4129,,2.451,0.1012,0.801,NOMINAL,NOMINAL,NORMAL,0,
1642532400.0,1787418366.0451853,1,3.4045,0.3728,,2.366,0.0873,0.718,NOMINAL,NOMINAL,NORMAL,0,
1642533300.0,1787418366.1672275,1,1.934,0.2189,,1.535,0.0504,0.456,NOMINAL,NOMINAL,NORMAL,0,
1642534200.0,1787418366.2998176,1,4.6615,0.513,,3.474,0.1399,1.076,NOMINAL,NOMINAL,NORMAL,0,
1642535100.0,1787418366.4228084,1,4.3121,0.4909,,2.681,0.1248,0.984,NOMINAL,NOMINAL,NORMAL,0,
1642536000.0,1787418366.5458343,1,3.8402,0.4594,,2.052,0.1019,0.793,NOMINAL,NOMINAL,NORMAL,0,
1642536900.0,1787418366.6718762,1,3.9518,0.4501,,2.448,0.1129,0.862,NOMINAL,NOMINAL,NORMAL,0,
1642537800.0,1787418366.7961335,1,3.8664,0.4615,,2.258,0.1104,0.833,NOMINAL,NOMINAL,TRIGGERED,1,omni_p6
1642538700.0,1787418366.9202685,1,3.8124,0.4168,,1.74,0.0988,0.746,NOMINAL,NOMINAL,NORMAL,0,
1642539600.0,1787418367.0449321,1,3.6532,0.4022,,1.708,0.0995,0.734,NOMINAL,NOMINAL,NORMAL,0,
1642540500.0,1787418367.169966,1,3.3795,0.3873,,1.9,0.0936,0.762,NOMINAL,NOMINAL,NORMAL,0,
1642541400.0,1787418367.2995942,1,4.4638,0.5453,,3.272,0.1832,1.263,NOMINAL,NOMINAL,NORMAL,0,
1642542300.0,1787418367.4214613,1,4.1174,0.4514,,2.07,0.1079,0.812,NOMINAL,NOMINAL,NORMAL,0,
1642543200.0,1787418367.547028,1,4.0746,0.4705,,2.481,0.105,0.911,NOMINAL,NOMINAL,NORMAL,0,
1642544100.0,1787418367.6709254,1,3.8457,0.4468,,1.991,0.0976,0.794,NOMINAL,NOMINAL,TRIGGERED,1,omni_p6
1642545000.0,1787418367.7974656,1,4.0764,0.4673,,3.076,0.1282,0.949,NOMINAL,NOMINAL,NORMAL,0,
1642545900.0,1787418367.9222605,1,4.1038,0.4554,,3.034,0.1171,0.885,NOMINAL,NOMINAL,NORMAL,0,
1642546800.0,1787418368.0459015,1,3.6703,0.4177,,2.617,0.1003,0.768,NOMINAL,NOMINAL,NORMAL,0,
1642547700.0,1787418368.1704822,1,3.6758,0.4341,,2.012,0.1048,0.759,NOMINAL,NOMINAL,NORMAL,0,
1642548600.0,1787418368.2947779,1,3.4909,0.4069,,1.814,0.1002,0.767,NOMINAL,NOMINAL,NORMAL,0,
1642549500.0,1787418368.4201763,1,3.5761,0.4509,,2.068,0.1031,0.769,NOMINAL,NOMINAL,TRIGGERED,1,omni_p6
1642550400.0,1787418368.5511985,1,3.6369,0.3896,1.8047,2.683,0.1973,3.88,NOMINAL,PRE_ALERT,TRIGGERED,2,omni_p6
1642551300.0,1787418368.6728923,1,3.6998,0.4194,,2.084,0.1553,3.029,PRE_ALERT,NOMINAL,NORMAL,0,
1642552200.0,1787418368.798163,1,4.298,0.4768,,3.175,0.1218,1.018,NOMINAL,NOMINAL,NORMAL,0,
1642553100.0,1787418368.9213972,1,4.1433,0.45,,2.067,0.1164,0.873,NOMINAL,NOMINAL,NORMAL,0,
1642554000.0,1787418369.0451586,1,3.6746,0.4163,,1.908,0.1011,0.752,NOMINAL,NOMINAL,NORMAL,0,
1642554900.0,1787418369.1696389,1,3.2725,0.4124,,1.837,0.0917,0.699,NOMINAL,NOMINAL,NORMAL,0,
1642555800.0,1787418369.2946744,1,3.4031,0.3904,,1.847,0.0993,0.686,NOMINAL,NOMINAL,TRIGGERED,1,omni_p6
1642556700.0,1787418369.4225419,1,3.5029,0.3803,,2.092,0.163,3.301,NOMINAL,PRE_ALERT,TRIGGERED,2,omni_p6
1642557600.0,1787418369.54739,1,3.4715,0.3972,,1.975,0.146,3.049,PRE_ALERT,NOMINAL,NORMAL,0,
1642558500.0,1787418369.670034,1,3.4802,0.4029,,1.906,0.0929,0.719,NOMINAL,NOMINAL,NORMAL,0,
1642559400.0,1787418369.79613,1,3.8799,0.4273,,2.501,0.0971,0.835,NOMINAL,NOMINAL,NORMAL,0,
1642560300.0,1787418369.9199693,1,3.5554,0.4005,,1.929,0.0911,0.713,NOMINAL,NOMINAL,NORMAL,0,
1642561200.0,1787418370.0438523,1,2.0236,0.2406,,1.523,0.0517,0.479,NOMINAL,NOMINAL,NORMAL,0,
1642562100.0,1787418370.172359,1,4.1999,0.4422,,2.681,0.1122,0.9,NOMINAL,NOMINAL,TRIGGERED,1,omni_p6
1642563000.0,1787418370.2981632,1,3.7894,0.424,,1.966,0.1759,3.538,NOMINAL,PRE_ALERT,TRIGGERED,2,omni_p6
1642563900.0,1787418370.423285,1,3.6691,0.4165,,2.586,0.1493,3.185,PRE_ALERT,NOMINAL,NORMAL,0,
1642564800.0,1787418370.5455744,1,3.5871,0.4092,,2.488,0.0989,0.715,NOMINAL,NOMINAL,NORMAL,0,
1642565700.0,1787418370.6695695,1,3.4033,0.4319,,1.848,0.0872,0.67,NOMINAL,NOMINAL,NORMAL,0,
1642566600.0,1787418370.7968957,1,3.9481,0.4387,,2.74,0.1104,0.985,NOMINAL,NOMINAL,NORMAL,0,
1642567500.0,1787418370.9201574,1,3.7019,0.4083,,1.835,0.098,0.767,NOMINAL,NOMINAL,NORMAL,0,
1642568400.0,1787418371.0449464,1,3.3653,0.3876,,2.323,0.082,0.698,NOMINAL,NOMINAL,NORMAL,0,
1642569300.0,1787418371.1675525,1,1.9285,0.2173,,1.844,0.0552,0.48,NOMINAL,NOMINAL,NORMAL,0,
1642570200.0,1787418371.2997966,1,4.5163,0.5277,,3.54,0.1336,1.145,NOMINAL,NOMINAL,NORMAL,0,
1642571100.0,1787418371.4227228,1,4.3143,0.5015,,2.616,0.1257,0.967,NOMINAL,NOMINAL,NORMAL,0,
1642572000.0,1787418371.5461495,1,3.9245,0.4739,,2.325,0.115,0.828,NOMINAL,NOMINAL,NORMAL,0,
1642572900.0,1787418371.670676,1,3.5949,0.4019,,2.423,0.0983,0.713,NOMINAL,NOMINAL,NORMAL,0,
1642573800.0,1787418371.7958393,1,3.8363,0.4298,,2.161,0.1077,0.808,NOMINAL,NOMINAL,NORMAL,0,
1642574700.0,1787418371.9203022,1,3.8638,0.4231,,1.819,0.1024,0.743,NOMINAL,NOMINAL,NORMAL,0,
1642575600.0,1787418372.0449786,1,3.4477,0.3996,,2.247,0.0957,0.711,NOMINAL,NOMINAL,NORMAL,0,
1642576500.0,1787418372.1701338,1,3.3578,0.4318,,2.332,0.0945,0.715,NOMINAL,NOMINAL,NORMAL,0,
1642577400.0,1787418372.2995975,1,4.4821,0.5207,,3.419,0.1275,1.065,NOMINAL,NOMINAL,NORMAL,0,
1642578300.0,1787418372.4229867,1,4.289,0.52,,3.063,0.1141,0.931,NOMINAL,NOMINAL,TRIGGERED,1,omni_p6
1642579200.0,1787418372.5481045,1,4.316,0.4581,,3.229,0.1257,0.937,NOMINAL,NOMINAL,NORMAL,0,
1642580100.0,1787418372.6709507,1,3.7612,0.4231,,2.522,0.102,0.765,NOMINAL,NOMINAL,NORMAL,0,
1642581000.0,1787418372.7953463,1,3.7133,0.4227,,1.961,0.109,0.788,NOMINAL,NOMINAL,NORMAL,0,
1642581900.0,1787418372.921181,1,4.1072,0.4343,,1.942,0.1152,0.821,NOMINAL,NOMINAL,NORMAL,0,
1642582800.0,1787418373.0451663,1,3.8029,0.4191,,1.78,0.1058,0.738,NOMINAL,NOMINAL,NORMAL,0,
1642583700.0,1787418373.1701806,1,3.7468,0.4141,,1.816,0.114,0.784,NOMINAL,NOMINAL,NORMAL,0,
1642584600.0,1787418373.2946732,1,3.5614,0.4069,,1.819,0.0948,0.718,NOMINAL,NOMINAL,TRIGGERED,1,omni_p6
1642585500.0,1787418373.4202602,1,3.6661,0.3963,,2.318,0.0997,0.728,NOMINAL,NOMINAL,NORMAL,0,
1642586400.0,1787418373.5450494,1,3.4865,0.4002,,2.23,0.0959,0.715,NOMINAL,NOMINAL,NORMAL,0,
1642587300.0,1787418373.6698477,1,3.4278,0.4896,,1.925,0.0925,0.726,NOMINAL,NOMINAL,NORMAL,0,
1642588200.0,1787418373.7943678,1,3.3876,0.3911,,1.708,0.0958,0.699,NOMINAL,NOMINAL,NORMAL,0,
1642589100.0,1787418373.92107,1,3.891,0.4225,,2.361,0.1096,0.846,NOMINAL,NOMINAL,NORMAL,0,
1642590000.0,1787418374.0455074,1,3.8907,0.4895,,1.87,0.1075,0.768,NOMINAL,NOMINAL,TRIGGERED,1,omni_p6
1642590900.0,1787418374.1730905,1,3.6848,0.4133,,2.131,0.1756,3.434,NOMINAL,PRE_ALERT,TRIGGERED,2,omni_p6
1642591800.0,1787418374.297995,1,3.6179,0.4113,,2.467,0.1555,3.099,PRE_ALERT,NOMINAL,NORMAL,0,
1642592700.0,1787418374.4217026,1,4.4425,0.4495,,2.338,0.1236,0.881,NOMINAL,NOMINAL,NORMAL,0,
1642593600.0,1787418374.5470548,1,4.0668,0.4439,,2.593,0.1117,0.934,NOMINAL,NOMINAL,NORMAL,0,
1642594500.0,1787418374.6707757,1,3.7533,0.4124,,2.119,0.11,0.802,NOMINAL,NOMINAL,NORMAL,0,
1642595400.0,1787418374.795196,1,3.7637,0.4159,,1.841,0.1448,0.805,NOMINAL,NOMINAL,NORMAL,0,
1642596300.0,1787418374.9211075,1,3.9398,0.4411,,2.44,0.0991,0.79,NOMINAL,NOMINAL,TRIGGERED,1,omni_p6
1642597200.0,1787418375.0476985,1,3.6933,0.4107,,1.867,0.1629,3.351,NOMINAL,PRE_ALERT,TRIGGERED,2,omni_p6
1642598100.0,1787418375.172823,1,3.4617,0.4028,,2.521,0.151,3.049,PRE_ALERT,NOMINAL,NORMAL,0,
1642599000.0,1787418375.2951777,1,3.6009,0.4084,,1.912,0.1497,0.772,NOMINAL,NOMINAL,NORMAL,0,
1642599900.0,1787418375.419814,1,3.3884,0.3872,,1.769,0.082,0.688,NOMINAL,NOMINAL,NORMAL,0,
1642600800.0,1787418375.5441124,1,3.1452,0.3774,,1.751,0.0797,0.616,NOMINAL,NOMINAL,NORMAL,0,
1642601700.0,1787418375.6694796,1,3.2925,0.4172,,1.74,0.1027,0.706,NOMINAL,NOMINAL,NORMAL,0,
1642602600.0,1787418375.7940414,1,3.179,0.3766,,1.793,0.0838,0.668,NOMINAL,NOMINAL,TRIGGERED,1,omni_p6
1642603500.0,1787418375.9210093,1,3.7139,0.416,,2.279,0.1184,0.803,NOMINAL,NOMINAL,NORMAL,0,
1642604400.0,1787418376.044944,1,3.5914,0.4183,,1.774,0.0998,0.7,NOMINAL,NOMINAL,NORMAL,0,
1642605300.0,1787418376.1673026,1,1.9415,0.2254,,1.488,0.0713,0.513,NOMINAL,NOMINAL,NORMAL,0,
1642606200.0,1787418376.2996848,1,4.4975,0.5179,,3.501,0.1249,1.1,NOMINAL,NOMINAL,NORMAL,0,
1642607100.0,1787418376.4233937,1,4.9758,0.4704,,2.57,0.1535,0.976,NOMINAL,NOMINAL,NORMAL,0,
1642608000.0,1787418376.5464904,1,4.0941,0.4378,,2.122,0.103,0.815,NOMINAL,NOMINAL,NORMAL,0,
1642608900.0,1787418376.6701975,1,3.6903,0.4109,,1.791,0.0959,0.714,NOMINAL,NOMINAL,TRIGGERED,1,omni_p6
1642609800.0,1787418376.7942052,1,3.39,0.3956,,1.656,0.0937,0.676,NOMINAL,NOMINAL,NORMAL,0,
1642610700.0,1787418376.9205437,1,3.8328,0.4343,,1.959,0.0945,0.77,NOMINAL,NOMINAL,NORMAL,0,
1642611600.0,1787418377.0465927,1,4.1251,0.4362,,2.371,0.1078,0.833,NOMINAL,NOMINAL,NORMAL,0,
1642612500.0,1787418377.1699884,1,3.7048,0.4199,,1.733,0.1091,0.703,NOMINAL,NOMINAL,NORMAL,0,
1642613400.0,1787418377.299348,1,4.4926,0.5068,,3.399,0.1308,1.101,NOMINAL,NOMINAL,NORMAL,0,
1642614300.0,1787418377.422132,1,4.6479,0.4989,,2.239,0.119,0.868,NOMINAL,NOMINAL,NORMAL,0,
1642615200.0,1787418377.5474937,1,4.2598,0.4512,,2.47,0.1213,0.954,NOMINAL,NOMINAL,NORMAL,0,
1642616100.0,1787418377.6714048,1,3.8801,0.4276,,1.945,0.1061,0.797,NOMINAL,NOMINAL,NORMAL,0,
1642617000.0,1787418377.794948,1,3.7457,0.4046,,1.763,0.0984,0.779,NOMINAL,NOMINAL,NORMAL,0,
1642617900.0,1787418377.9193199,1,3.4727,0.4023,,1.652,0.0959,0.731,NOMINAL,NOMINAL,NORMAL,0,
1642618800.0,1787418378.0461102,1,3.901,0.4516,,2.111,0.1387,0.832,NOMINAL,NOMINAL,NORMAL,0,
1642619700.0,1787418378.1700778,1,3.6017,0.4173,,1.751,0.104,0.726,NOMINAL,NOMINAL,NORMAL,0,
1642620600.0,1787418378.2946544,1,3.5626,0.3847,,1.724,0.0968,0.672,NOMINAL,NOMINAL,NORMAL,0,
1642621500.0,1787418378.4196377,1,3.4054,0.3897,,1.925,0.0885,0.704,NOMINAL,NOMINAL,NORMAL,0,
1642622400.0,1787418378.544612,1,3.4902,0.372,,1.6,0.0897,0.673,NOMINAL,NOMINAL,NORMAL,0,
1642623300.0,1787418378.6694021,1,3.3577,0.4467,,1.562,0.0843,0.654,NOMINAL,NOMINAL,TRIGGERED,1,omni_p6
1642624200.0,1787418378.7948906,1,3.4835,0.3951,,1.934,0.0884,0.763,NOMINAL,NOMINAL,NORMAL,0,
1642625100.0,1787418378.9191425,1,3.3788,0.3849,,1.517,0.1226,0.679,NOMINAL,NOMINAL,NORMAL,0,
1642626000.0,1787418379.0462172,1,3.7502,0.4353,,2.431,0.0907,0.872,NOMINAL,NOMINAL,NORMAL,0,
1642626900.0,1787418379.1695294,1,3.4729,0.3827,,1.57,0.0817,0.628,NOMINAL,NOMINAL,NORMAL,0,
1642627800.0,1787418379.2955225,1,3.6895,0.3845,,2.012,0.1097,0.939,NOMINAL,NOMINAL,NORMAL,0,
1642628700.0,1787418379.4193413,1,3.4006,0.3887,,1.565,0.1531,0.838,NOMINAL,NOMINAL,TRIGGERED,1,omni_p6
1642629600.0,1787418379.5468643,1,3.3612,0.3787,,1.534,0.1593,3.338,NOMINAL,PRE_ALERT,TRIGGERED,2,omni_p6
1642630500.0,1787418379.6719823,1,3.4211,0.3851,,1.755,0.1389,2.978,PRE_ALERT,NOMINAL,NORMAL,0,
1642631400.0,1787418379.7946005,1,3.4894,0.3942,,1.757,0.0927,0.652,NOMINAL,NOMINAL,NORMAL,0,
1642632300.0,1787418379.9200468,1,3.6512,0.3974,,1.69,0.116,0.882,NOMINAL,NOMINAL,NORMAL,0,
1642633200.0,1787418380.045923,1,3.9066,0.4758,,2.061,0.1151,0.817,NOMINAL,NOMINAL,NORMAL,0,
1642634100.0,1787418380.169874,1,3.6405,0.4011,,1.711,0.1113,0.752,NOMINAL,NOMINAL,NORMAL,0,
1642635000.0,1787418380.2952251,1,3.6436,0.4047,,1.863,0.1603,0.825,NOMINAL,NOMINAL,TRIGGERED,1,omni_p6
1642635900.0,1787418380.422163,1,3.3018,0.4117,,1.697,0.2333,3.679,NOMINAL,PRE_ALERT,TRIGGERED,2,omni_p6
1642636800.0,1787418380.5504777,1,3.7077,0.3609,1.8134,2.433,0.1631,3.435,PRE_ALERT,NOMINAL,NORMAL,0,
1642637700.0,1787418380.6709607,1,3.9135,0.4157,,1.995,0.1162,0.845,NOMINAL,NOMINAL,NORMAL,0,
1642638600.0,1787418380.7951438,1,3.8492,0.4127,,1.701,0.1094,0.81,NOMINAL,NOMINAL,NORMAL,0,
1642639500.0,1787418380.9193976,1,3.4716,0.3986,,1.675,0.0974,0.724,NOMINAL,NOMINAL,NORMAL,0,
1642640400.0,1787418381.0458841,1,3.7784,0.4778,,2.067,0.1014,0.795,NOMINAL,NOMINAL,NORMAL,0,
1642641300.0,1787418381.167195,1,1.9237,0.2268,,1.523,0.0564,0.469,NOMINAL,NOMINAL,TRIGGERED,1,omni_p6
1642642200.0,1787418381.3021019,1,4.5433,0.532,,3.313,0.2054,3.699,NOMINAL,PRE_ALERT,TRIGGERED,2,omni_p6
1642643100.0,1787418381.4242818,1,4.267,0.4815,,2.179,0.1607,3.149,PRE_ALERT,NOMINAL,NORMAL,0,
1642644000.0,1787418381.5473258,1,4.2667,0.4593,,2.651,0.1565,0.919,NOMINAL,NOMINAL,NORMAL,0,
1642644900.0,1787418381.671288,1,3.9185,0.4166,,2.321,0.1531,0.844,NOMINAL,NOMINAL,NORMAL,0,
1642645800.0,1787418381.7955058,1,3.827,0.4133,,1.915,0.1079,0.815,NOMINAL,NOMINAL,NORMAL,0,
1642646700.0,1787418381.9195683,1,3.5624,0.3975,,1.601,0.0997,0.696,NOMINAL,NOMINAL,TRIGGERED,1,omni_p6
1642647600.0,1787418382.048421,1,3.8152,0.4651,,2.094,0.1713,3.421,NOMINAL,PRE_ALERT,TRIGGERED,2,omni_p6
1642648500.0,1787418382.1763828,1,4.4015,0.4688,,3.361,0.2011,3.494,PRE_ALERT,NOMINAL,NORMAL,0,
1642649400.0,1787418382.2994592,1,4.5115,0.5377,,3.317,0.1671,1.086,NOMINAL,NOMINAL,NORMAL,0,
1642650300.0,1787418382.4222631,1,4.2315,0.4856,,2.152,0.1092,0.932,NOMINAL,NOMINAL,NORMAL,0,
1642651200.0,1787418382.5481439,1,4.3814,0.455,,3.32,0.1224,0.952,NOMINAL,NOMINAL,NORMAL,0,
1642652100.0,1787418382.6711705,1,3.9069,0.421,,2.035,0.1106,0.861,NOMINAL,NOMINAL,NORMAL,0,
1642653000.0,1787418382.7952201,1,3.683,0.3971,,1.853,0.1375,0.81,NOMINAL,NOMINAL,NORMAL,0,
1642653900.0,1787418382.919962,1,3.6156,0.4181,,1.521,0.0929,0.737,NOMINAL,NOMINAL,NORMAL,0,
1642654800.0,1787418383.0459802,1,3.7067,0.4083,,2.513,0.11,0.83,NOMINAL,NOMINAL,NORMAL,0,
1642655700.0,1787418383.1711268,1,3.9226,0.4405,,2.089,0.1112,0.843,NOMINAL,NOMINAL,NORMAL,0,
1642656600.0,1787418383.2953465,1,3.7145,0.4157,,1.82,0.0942,0.812,NOMINAL,NOMINAL,NORMAL,0,
1642657500.0,1787418383.4200084,1,3.6274,0.4408,,1.873,0.0948,0.755,NOMINAL,NOMINAL,NORMAL,0,
1642658400.0,1787418383.5448637,1,3.5762,0.3816,,1.797,0.0956,0.737,NOMINAL,NOMINAL,NORMAL,0,
1642659300.0,1787418383.6698382,1,3.4303,0.3901,,1.885,0.0969,0.713,NOMINAL,NOMINAL,NORMAL,0,
1642660200.0,1787418383.795173,1,3.555,0.406,,2.042,0.1078,0.866,NOMINAL,NOMINAL,NORMAL,0,
1642661100.0,1787418383.9226594,1,3.4822,0.3764,,1.519,0.0955,0.776,NOMINAL,NOMINAL,NORMAL,0,
1642662000.0,1787418398.926063,1,4.5539,0.4903,,2.744,0.1245,0.981,NOMINAL,NOMINAL,NORMAL,0,
1642662900.0,1787418413.9265044,1,4.5859,0.5257,,2.728,0.1195,0.971,NOMINAL,NOMINAL,NORMAL,0,
1642663800.0,1787418428.9266226,1,4.6576,0.5495,,2.744,0.1239,0.973,NOMINAL,NOMINAL,TRIGGERED,1,omni_p6
1642664700.0,1787418443.928158,1,4.6116,0.5127,,2.27,0.2063,3.594,NOMINAL,PRE_ALERT,TRIGGERED,2,omni_p6
1642665600.0,1787418458.9282067,1,4.5656,0.4877,,2.398,0.1898,3.6,PRE_ALERT,NOMINAL,NORMAL,0,
1642666500.0,1787418473.925563,1,4.5537,0.5036,,2.411,0.1164,0.96,NOMINAL,NOMINAL,NORMAL,0,
1642667400.0,1787418488.9253361,1,4.5663,0.4989,,2.148,0.1237,0.974,NOMINAL,NOMINAL,TRIGGERED,1,omni_p6
1642668300.0,1787418503.9261224,1,4.7821,0.488,,2.631,0.1263,1.017,NOMINAL,NOMINAL,NORMAL,0,
1642669200.0,1787418518.9256504,1,4.65,0.4977,,2.376,0.1228,0.989,NOMINAL,NOMINAL,TRIGGERED,1,omni_p6
1642670100.0,1787418533.9287503,1,4.6179,0.487,,2.332,0.1891,3.627,NOMINAL,PRE_ALERT,TRIGGERED,2,omni_p6
1642671000.0,1787418548.926216,1,4.6386,0.4986,,2.439,0.1335,0.993,PRE_ALERT,PRE_ALERT,TRIGGERED,3,omni_p6
1642671900.0,1787418563.9285467,1,4.5536,0.4938,,2.584,0.193,3.609,PRE_ALERT,NOMINAL,NORMAL,0,
1642672800.0,1787418578.9263206,1,4.671,0.4944,,2.901,0.1336,1.009,NOMINAL,NOMINAL,NORMAL,0,
1642673700.0,1787418593.9264417,1,4.5748,0.5294,,2.61,0.1256,0.994,NOMINAL,NOMINAL,TRIGGERED,1,omni_p6
1642674600.0,1787418608.9260397,1,4.59,0.4902,,2.316,0.1269,0.966,NOMINAL,NOMINAL,NORMAL,0,
1642675500.0,1787418623.9267797,1,4.789,0.5637,,2.588,0.1179,1.069,NOMINAL,NOMINAL,TRIGGERED,1,omni_p6
1642676400.0,1787418638.927922,1,4.4923,0.495,,2.186,0.1955,3.65,NOMINAL,PRE_ALERT,TRIGGERED,2,omni_p6
1642677300.0,1787418653.9254217,1,4.6291,0.5125,,2.164,0.1258,0.984,PRE_ALERT,PRE_ALERT,TRIGGERED,3,omni_p6
1642678200.0,1787418668.9281745,1,4.6616,0.4987,,2.249,0.1916,3.555,PRE_ALERT,NOMINAL,NORMAL,0,
1642679100.0,1787418683.9259489,1,4.5734,0.4958,,2.287,0.1284,0.985,NOMINAL,NOMINAL,NORMAL,0,
1642680000.0,1787418698.9263208,1,4.7752,0.577,,2.169,0.1203,0.989,NOMINAL,NOMINAL,TRIGGERED,1,omni_p6
1642680900.0,1787418713.9284647,1,4.543,0.5263,,2.352,0.1979,3.791,NOMINAL,PRE_ALERT,TRIGGERED,2,omni_p6
1642681800.0,1787418728.925891,1,4.5746,0.5068,,2.692,0.1298,1.005,PRE_ALERT,PRE_ALERT,TRIGGERED,3,omni_p6
1642682700.0,1787418743.9288204,1,4.5672,0.5036,,2.932,0.1893,3.589,PRE_ALERT,ALERT,TRIGGERED,4,omni_p6
1642683600.0,1787418758.928459,1,4.6007,0.4888,,2.734,0.1796,3.622,ALERT,NOMINAL,NORMAL,0,
1642684500.0,1787418773.9259639,1,4.5766,0.518,,2.774,0.1307,0.995,NOMINAL,NOMINAL,NORMAL,0,
1642685400.0,1787418788.9259079,1,4.5497,0.4822,,2.78,0.126,0.985,NOMINAL,NOMINAL,NORMAL,0,
1642686300.0,1787418803.925904,1,4.6588,0.5006,,2.499,0.1252,0.977,NOMINAL,NOMINAL,TRIGGERED,1,omni_p6
1642687200.0,1787418818.9287577,1,4.7938,0.5138,,2.302,0.2033,3.883,NOMINAL,PRE_ALERT,TRIGGERED,2,omni_p6
1642688100.0,1787418833.9254541,1,4.5994,0.4873,,2.198,0.1321,1.014,PRE_ALERT,PRE_ALERT,TRIGGERED,3,omni_p6
1642689000.0,1787418848.92786,1,4.4741,0.4883,,2.125,0.1923,3.552,PRE_ALERT,ALERT,TRIGGERED,4,omni_p6
1642689900.0,1787418863.9276094,1,4.4923,0.4771,,2.081,0.1874,3.466,ALERT,NOMINAL,NORMAL,0,
1642690800.0,1787418878.9255085,1,4.5339,0.5115,,2.35,0.1246,0.99,NOMINAL,NOMINAL,NORMAL,0,
1642691700.0,1787418893.9261835,1,4.6531,0.5288,,2.851,0.1221,1.035,NOMINAL,NOMINAL,TRIGGERED,1,omni_p6
1642692600.0,1787418908.9263184,1,4.5476,0.5076,,3.135,0.1277,1.017,NOMINAL,NOMINAL,NORMAL,0,
1642693500.0,1787418923.92732,1,4.9833,0.5891,,2.817,0.1424,1.23,NOMINAL,NOMINAL,TRIGGERED,1,omni_p6
1642694400.0,1787418938.9255023,1,4.4568,0.4805,,2.461,0.122,0.943,NOMINAL,NOMINAL,NORMAL,0,
1642695300.0,1787418953.9252336,1,4.4218,0.479,,2.372,0.1175,0.949,NOMINAL,NOMINAL,TRIGGERED,1,omni_p6
1642696200.0,1787418968.925261,1,4.4738,0.4823,,2.26,0.1135,0.994,NOMINAL,NOMINAL,NORMAL,0,
1642697100.0,1787418983.9259708,1,4.5964,0.5076,,2.712,0.126,0.997,NOMINAL,NOMINAL,NORMAL,0,
