phys_ts,n_channels,zbuf_update_ms
1647561600.0,1,0.00678
1647562500.0,1,0.00614
1647563400.0,1,0.00525
1647564300.0,1,0.00506
1647565200.0,1,0.00563
1647566100.0,1,0.00547
1647567000.0,1,0.00547
1647567900.0,1,0.00554
1647568800.0,1,0.00483
1647569700.0,1,0.00374
1647570600.0,1,0.00442
1647571500.0,1,0.00333
1647572400.0,1,0.00445
1647573300.0,1,0.0057
1647574200.0,1,0.00538
1647575100.0,1,0.00522
1647576000.0,1,0.00403
1647576900.0,1,0.00362
1647577800.0,1,0.00454
1647578700.0,1,0.00464
1647579600.0,1,0.00512
1647580500.0,1,0.00458
1647581400.0,1,0.00435
1647582300.0,1,0.00502
1647583200.0,1,0.00464
1647584100.0,1,0.00355
1647585000.0,1,0.00426
1647585900.0,1,0.00579
1647586800.0,1,0.00576
1647587700.0,1,0.00547
1647588600.0,1,0.00461
1647589500.0,1,0.0055
1647590400.0,1,0.0048
1647591300.0,1,0.00467
1647592200.0,1,0.00522
1647593100.0,1,0.00518
1647594000.0,1,0.00528
1647594900.0,1,0.00528
1647595800.0,1,0.00474
1647596700.0,1,0.00637
1647597600.0,1,0.00461
1647598500.0,1,0.0047
1647599400.0,1,0.00563
1647600300.0,1,0.00611
1647601200.0,1,0.00595
1647602100.0,1,0.0063
1647603000.0,1,0.00602
1647603900.0,1,0.00458
1647604800.0,1,0.00419
1647605700.0,1,0.00381
1647606600.0,1,0.00445
1647607500.0,1,0.00547
1647608400.0,1,0.00413
1647609300.0,1,0.00614
1647610200.0,1,0.00595
1647611100.0,1,0.00534
1647612000.0,1,0.0057
1647612900.0,1,0.00502
1647613800.0,1,0.00534
1647614700.0,1,0.0048
1647615600.0,1,0.00413
1647616500.0,1,0.00454
1647617400.0,1,0.00448
1647618300.0,1,0.00506
1647619200.0,1,0.00518
1647620100.0,1,0.00461
1647621000.0,1,0.00445
1647621900.0,1,0.00541
1647622800.0,1,0.00394
1647623700.0,1,0.00576
1647624600.0,1,0.00506
1647625500.0,1,0.00474
1647626400.0,1,0.00557
1647627300.0,1,0.00467
1647628200.0,1,0.00419
1647629100.0,1,0.00502
1647630000.0,1,0.00464
1647630900.0,1,0.0047
1647631800.0,1,0.00461
1647632700.0,1,0.00586
1647633600.0,1,0.00531
1647634500.0,1,0.00397
1647635400.0,1,0.00416
1647636300.0,1,0.00442
1647637200.0,1,0.0049
1647638100.0,1,0.0063
1647639000.0,1,0.00541
1647639900.0,1,0.00458
1647640800.0,1,0.00371
1647641700.0,1,0.00442
1647642600.0,1,0.00445
1647643500.0,1,0.00518
1647644400.0,1,0.00406
1647645300.0,1,0.00614
1647646200.0,1,0.00544
1647647100.0,1,0.004
1647648000.0,1,0.00736
1647648900.0,1,0.00701
1647649800.0,1,0.00602
1647650700.0,1,0.00669
1647651600.0,1,0.00739
1647652500.0,1,0.00726
1647653400.0,1,0.00771
1647654300.0,1,0.00554
1647655200.0,1,0.00659
1647656100.0,1,0.00656
1647657000.0,1,0.00694
1647657900.0,1,0.00678
1647658800.0,1,0.00643
1647659700.0,1,0.00694
1647660600.0,1,0.00742
1647661500.0,1,0.00582
1647662400.0,1,0.00554
1647663300.0,1,0.0063
1647664200.0,1,0.00701
1647665100.0,1,0.00781
1647666000.0,1,0.00743
1647666900.0,1,0.00736
1647667800.0,1,0.00755
1647668700.0,1,0.00678
1647669600.0,1,0.00768
1647670500.0,1,0.00826
1647671400.0,1,0.00723
1647672300.0,1,0.00832
1647673200.0,1,0.0089
1647674100.0,1,0.01018
1647675000.0,1,0.00899
1647675900.0,1,0.00701
1647676800.0,1,0.00848
1647677700.0,1,0.01184
1647678600.0,1,0.00902
1647679500.0,1,0.00531
1647680400.0,1,0.00598
1647681300.0,1,0.0065
1647682200.0,1,0.00566
1647683100.0,1,0.00416
1647684000.0,1,0.00442
1647684900.0,1,0.0048
1647685800.0,1,0.00477
1647686700.0,1,0.00397
1647687600.0,1,0.00477
1647688500.0,1,0.00496
1647689400.0,1,0.0039
1647690300.0,1,0.00442
1647691200.0,1,0.00493
1647692100.0,1,0.00496
1647693000.0,1,0.00496
1647693900.0,1,0.00499
1647694800.0,1,0.00502
1647695700.0,1,0.00592
1647696600.0,1,0.00515
1647697500.0,1,0.00432
1647698400.0,1,0.00432
1647699300.0,1,0.00406
1647700200.0,1,0.00502
1647701100.0,1,0.00541
1647702000.0,1,0.0049
1647702900.0,1,0.00419
1647703800.0,1,0.00342
1647704700.0,1,0.00464
1647705600.0,1,0.00374
1647706500.0,1,0.00467
1647707400.0,1,0.00522
1647708300.0,1,0.00499
1647709200.0,1,0.0055
1647710100.0,1,0.00627
1647711000.0,1,0.00352
1647711900.0,1,0.00413
1647712800.0,1,0.00467
1647713700.0,1,0.00435
1647714600.0,1,0.00454
1647715500.0,1,0.00515
1647716400.0,1,0.00534
1647717300.0,1,0.00624
1647718200.0,1,0.00474
1647719100.0,1,0.00563
1647720000.0,1,0.00461
1647720900.0,1,0.00506
1647721800.0,1,0.00432
1647722700.0,1,0.00586
1647723600.0,1,0.0049
1647724500.0,1,0.00576
1647725400.0,1,0.00486
1647726300.0,1,0.00416
1647727200.0,1,0.00397
1647728100.0,1,0.0041
1647729000.0,1,0.00432
1647729900.0,1,0.0056
1647730800.0,1,0.00464
1647731700.0,1,0.00429
1647732600.0,1,0.00291
1647733500.0,1,0.00323
1647734400.0,1,0.00355
1647735300.0,1,0.00381
1647736200.0,1,0.00307
1647737100.0,1,0.00544
1647738000.0,1,0.00419
1647738900.0,1,0.00432
1647739800.0,1,0.0039
1647740700.0,1,0.00394
1647741600.0,1,0.00298
1647742500.0,1,0.00323
1647743400.0,1,0.00362
1647744300.0,1,0.00442
1647745200.0,1,0.00387
1647746100.0,1,0.00515
1647747000.0,1,0.00429
1647747900.0,1,0.00422
1647748800.0,1,0.00365
1647749700.0,1,0.0031
1647750600.0,1,0.00368
1647751500.0,1,0.00458
1647752400.0,1,0.00416
1647753300.0,1,0.00502
1647754200.0,1,0.00477
1647755100.0,1,0.00368
1647756000.0,1,0.00352
1647756900.0,1,0.00304
1647757800.0,1,0.00307
1647758700.0,1,0.0039
1647759600.0,1,0.00448
1647760500.0,1,0.00477
1647761400.0,1,0.00272
1647762300.0,1,0.00365
1647763200.0,1,0.00298
1647764100.0,1,0.00237
1647765000.0,1,0.00365
1647765900.0,1,0.00333
1647766800.0,1,0.00458
1647767700.0,1,0.00496
1647768600.0,1,0.00307
1647769500.0,1,0.0033
1647770400.0,1,0.00307
1647771300.0,1,0.00346
1647772200.0,1,0.00307
1647773100.0,1,0.00298
1647774000.0,1,0.00413
1647774900.0,1,0.00429
1647775800.0,1,0.00394
1647776700.0,1,0.00339
1647777600.0,1,0.0032
1647778500.0,1,0.00371
1647779400.0,1,0.00339
1647780300.0,1,0.0047
1647781200.0,1,0.00544
1647782100.0,1,0.00509
1647783000.0,1,0.00358
1647783900.0,1,0.00336
1647784800.0,1,0.00394
1647785700.0,1,0.00381
1647786600.0,1,0.00374
1647787500.0,1,0.00419
1647788400.0,1,0.0048
1647789300.0,1,0.00525
1647790200.0,1,0.00406
1647791100.0,1,0.00339
1647792000.0,1,0.00339
1647792900.0,1,0.00307
1647793800.0,1,0.00336
1647794700.0,1,0.00362
1647795600.0,1,0.00518
1647796500.0,1,0.00499
1647797400.0,1,0.00445
1647798300.0,1,0.00352
1647799200.0,1,0.00374
1647800100.0,1,0.00336
1647801000.0,1,0.00317
1647801900.0,1,0.00346
1647802800.0,1,0.00435
1647803700.0,1,0.0048
1647804600.0,1,0.00375
1647805500.0,1,0.00378
1647806400.0,1,0.00378
1647807300.0,1,0.00378
1647808200.0,1,0.00291
1647809100.0,1,0.00339
1647810000.0,1,0.00394
1647810900.0,1,0.00515
1647811800.0,1,0.00339
1647812700.0,1,0.00426
1647813600.0,1,0.00365
1647814500.0,1,0.00381
1647815400.0,1,0.00381
1647816300.0,1,0.00634
1647817200.0,1,0.00842
1647818100.0,1,0.00499
1647819000.0,1,0.00512
1647819900.0,1,0.00374
1647820800.0,1,0.00429
1647821700.0,1,0.00394
1647822600.0,1,0.00422
1647823500.0,1,0.00403
1647824400.0,1,0.00419
1647825300.0,1,0.00515
1647826200.0,1,0.00387
1647827100.0,1,0.00358
1647828000.0,1,0.0032
1647828900.0,1,0.00352
1647829800.0,1,0.00368
1647830700.0,1,0.00678
1647831600.0,1,0.00682
1647832500.0,1,0.00445
1647833400.0,1,0.00429
1647834300.0,1,0.00397
1647835200.0,1,0.004
1647836100.0,1,0.00458
1647837000.0,1,0.0072
1647837900.0,1,0.00685
1647838800.0,1,0.0072
1647839700.0,1,0.00656
1647840600.0,1,0.00842
1647841500.0,1,0.00717
1647842400.0,1,0.00704
1647843300.0,1,0.00589
1647844200.0,1,0.00608
1647845100.0,1,0.00662
1647846000.0,1,0.00694
1647846900.0,1,0.00758
1647847800.0,1,0.00829
1647848700.0,1,0.0073
1647849600.0,1,0.00694
1647850500.0,1,0.00576
1647851400.0,1,0.00621
1647852300.0,1,0.00694
1647853200.0,1,0.00666
1647854100.0,1,0.00925
1647855000.0,1,0.0089
1647855900.0,1,0.00736
1647856800.0,1,0.00614
1647857700.0,1,0.00595
1647858600.0,1,0.00583
1647859500.0,1,0.00592
1647860400.0,1,0.00742
1647861300.0,1,0.00931
1647862200.0,1,0.00726
1647863100.0,1,0.01002
1647864000.0,1,0.00938
1647864900.0,1,0.00982
1647865800.0,1,0.00845
1647866700.0,1,0.00775
1647867600.0,1,0.0079
1647868500.0,1,0.00864
1647869400.0,1,0.00813
1647870300.0,1,0.00765
1647871200.0,1,0.00685
1647872100.0,1,0.00704
1647873000.0,1,0.00704
1647873900.0,1,0.00566
1647874800.0,1,0.00643
1647875700.0,1,0.00848
1647876600.0,1,0.00669
1647877500.0,1,0.00742
1647878400.0,1,0.00598
1647879300.0,1,0.00538
1647880200.0,1,0.00726
1647881100.0,1,0.0079
1647882000.0,1,0.00758
1647882900.0,1,0.00746
1647883800.0,1,0.00669
1647884700.0,1,0.00778
1647885600.0,1,0.00806
1647886500.0,1,0.00701
1647887400.0,1,0.00582
1647888300.0,1,0.0063
1647889200.0,1,0.0073
1647890100.0,1,0.12925
1647891000.0,1,0.00829
1647891900.0,1,0.00675
1647892800.0,1,0.00618
1647893700.0,1,0.0064
1647894600.0,1,0.00595
1647895500.0,1,0.00618
1647896400.0,1,0.00736
1647897300.0,1,0.00883
1647898200.0,1,0.00611
1647899100.0,1,0.00771
1647900000.0,1,0.00736
1647900900.0,1,0.00765
1647901800.0,1,0.00902
1647902700.0,1,0.00794
1647903600.0,1,0.00605
1647904500.0,1,0.00746
1647905400.0,1,0.00739
1647906300.0,1,0.00768
1647907200.0,1,0.00736
1647908100.0,1,0.00669
1647909000.0,1,0.00538
1647909900.0,1,0.00614
1647910800.0,1,0.00621
1647911700.0,1,0.00672
1647912600.0,1,0.00666
1647913500.0,1,0.00544
1647914400.0,1,0.00704
1647915300.0,1,0.00643
1647916200.0,1,0.00614
1647917100.0,1,0.00646
1647918000.0,1,0.00618
1647918900.0,1,0.00781
1647919800.0,1,0.00624
1647920700.0,1,0.00531
1647921600.0,1,0.00701
1647922500.0,1,0.00656
1647923400.0,1,0.00707
1647924300.0,1,0.00611
1647925200.0,1,0.00615
1647926100.0,1,0.0088
1647927000.0,1,0.00678
1647927900.0,1,0.00595
1647928800.0,1,0.00768
1647929700.0,1,0.00698
1647930600.0,1,0.00685
1647931500.0,1,0.00611
1647932400.0,1,0.00602
1647933300.0,1,0.0088
1647934200.0,1,0.00675
1647935100.0,1,0.00595
1647936000.0,1,0.00666
1647936900.0,1,0.0064
1647937800.0,1,0.00611
1647938700.0,1,0.00611
1647939600.0,1,0.00749
1647940500.0,1,0.00666
1647941400.0,1,0.00662
1647942300.0,1,0.00659
1647943200.0,1,0.00685
1647944100.0,1,0.0063
1647945000.0,1,0.00637
1647945900.0,1,0.00605
1647946800.0,1,0.00592
1647947700.0,1,0.00749
1647948600.0,1,0.0063
1647949500.0,1,0.00672
1647950400.0,1,0.00646
1647951300.0,1,0.00742
1647952200.0,1,0.00653
1647953100.0,1,0.00621
1647954000.0,1,0.00624
1647954900.0,1,0.00646
1647955800.0,1,0.00554
1647956700.0,1,0.00755
1647957600.0,1,0.00605
1647958500.0,1,0.00774
1647959400.0,1,0.00794
1647960300.0,1,0.0056
1647961200.0,1,0.00653
1647962100.0,1,0.0096
1647963000.0,1,0.00816
1647963900.0,1,0.00797
1647964800.0,1,0.00771
1647965700.0,1,0.00768
1647966600.0,1,0.00778
1647967500.0,1,0.0073
1647968400.0,1,0.00675
1647969300.0,1,0.00902
1647970200.0,1,0.00739
1647971100.0,1,0.00637
1647972000.0,1,0.00592
1647972900.0,1,0.00662
1647973800.0,1,0.00627
1647974700.0,1,0.00557
1647975600.0,1,0.00618
1647976500.0,1,0.00653
1647977400.0,1,0.00816
1647978300.0,1,0.00627
1647979200.0,1,0.00586
1647980100.0,1,0.00678
1647981000.0,1,0.00659
1647981900.0,1,0.00762
1647982800.0,1,0.00666
1647983700.0,1,0.00666
1647984600.0,1,0.00621
1647985500.0,1,0.0064
1647986400.0,1,0.0056
1647987300.0,1,0.00611
1647988200.0,1,0.00682
1647989100.0,1,0.00624
1647990000.0,1,0.00605
1647990900.0,1,0.0064
1647991800.0,1,0.00733
1647992700.0,1,0.00771
1647993600.0,1,0.00768
1647994500.0,1,0.00614
1647995400.0,1,0.00755
1647996300.0,1,0.00666
1647997200.0,1,0.00768
1647998100.0,1,0.00982
1647999000.0,1,0.00829
1647999900.0,1,0.00698
1648000800.0,1,0.00582
1648001700.0,1,0.00602
1648002600.0,1,0.00704
1648003500.0,1,0.00678
1648004400.0,1,0.00794
1648005300.0,1,0.00861
1648006200.0,1,0.0072
1648007100.0,1,0.00637
1648008000.0,1,0.00563
1648008900.0,1,0.00448
1648009800.0,1,0.00573
1648010700.0,1,0.00768
1648011600.0,1,0.00618
1648012500.0,1,0.00733
1648013400.0,1,0.00653
1648014300.0,1,0.00906
1648015200.0,1,0.00986
1648016100.0,1,0.0064
1648017000.0,1,0.00736
1648017900.0,1,0.00611
1648018800.0,1,0.00499
1648019700.0,1,0.00566
1648020600.0,1,0.00688
1648021500.0,1,0.00522
1648022400.0,1,0.00557
1648023300.0,1,0.0055
1648024200.0,1,0.00531
1648025100.0,1,0.00688
1648026000.0,1,0.00614
1648026900.0,1,0.00403
1648027800.0,1,0.00522
1648028700.0,1,0.0055
1648029600.0,1,0.00531
1648030500.0,1,0.00371
1648031400.0,1,0.00458
1648032300.0,1,0.008
1648033200.0,1,0.00413
1648034100.0,1,0.00464
1648035000.0,1,0.00723
1648035900.0,1,0.00528
1648036800.0,1,0.00554
1648037700.0,1,0.00512
1648038600.0,1,0.00547
1648039500.0,1,0.0056
1648040400.0,1,0.00624
1648041300.0,1,0.00621
1648042200.0,1,0.00794
1648043100.0,1,0.00656
1648044000.0,1,0.00579
1648044900.0,1,0.00714
1648045800.0,1,0.00643
1648046700.0,1,0.00659
1648047600.0,1,0.0057
1648048500.0,1,0.00592
1648049400.0,1,0.0072
1648050300.0,1,0.00822
1648051200.0,1,0.00957
1648052100.0,1,0.00934
1648053000.0,1,0.00931
1648053900.0,1,0.00717
1648054800.0,1,0.00685
1648055700.0,1,0.00714
1648056600.0,1,0.00643
1648057500.0,1,0.00592
1648058400.0,1,0.00563
1648059300.0,1,0.0049
1648060200.0,1,0.00435
1648061100.0,1,0.004
1648062000.0,1,0.00515
1648062900.0,1,0.00493
1648063800.0,1,0.00723
1648064700.0,1,0.00659
1648065600.0,1,0.00608
1648066500.0,1,0.0064
1648067400.0,1,0.00605
1648068300.0,1,0.00515
1648069200.0,1,0.00566
1648070100.0,1,0.00691
1648071000.0,1,0.00781
1648071900.0,1,0.00675
1648072800.0,1,0.00669
1648073700.0,1,0.00646
1648074600.0,1,0.00714
1648075500.0,1,0.00749
1648076400.0,1,0.0071
1648077300.0,1,0.00746
1648078200.0,1,0.00758
1648079100.0,1,0.00675
1648080000.0,1,0.0063
1648080900.0,1,0.00717
1648081800.0,1,0.00688
1648082700.0,1,0.00618
1648083600.0,1,0.00653
1648084500.0,1,0.00467
1648085400.0,1,0.00685
1648086300.0,1,0.00614
1648087200.0,1,0.0063
1648088100.0,1,0.0073
1648089000.0,1,0.00688
1648089900.0,1,0.00589
1648090800.0,1,0.00669
1648091700.0,1,0.00685
1648092600.0,1,0.00749
1648093500.0,1,0.00656
1648094400.0,1,0.00752
1648095300.0,1,0.00422
1648096200.0,1,0.0056
1648097100.0,1,0.0055
1648098000.0,1,0.00643
1648098900.0,1,0.00675
1648099800.0,1,0.00714
1648100700.0,1,0.00685
1648101600.0,1,0.00678
1648102500.0,1,0.00621
1648103400.0,1,0.00647
1648104300.0,1,0.00608
1648105200.0,1,0.00579
1648106100.0,1,0.00998
1648107000.0,1,0.00787
1648107900.0,1,0.00845
1648108800.0,1,0.00774
1648109700.0,1,0.00573
1648110600.0,1,0.00688
1648111500.0,1,0.00685
1648112400.0,1,0.00656
1648113300.0,1,0.00746
1648114200.0,1,0.00739
1648115100.0,1,0.00746
1648116000.0,1,0.00736
1648116900.0,1,0.00727
1648117800.0,1,0.00711
1648118700.0,1,0.00624
1648119600.0,1,0.00733
1648120500.0,1,0.00823
1648121400.0,1,0.0079
1648122300.0,1,0.00742
1648123200.0,1,0.00774
1648124100.0,1,0.00662
1648125000.0,1,0.00624
1648125900.0,1,0.00608
1648126800.0,1,0.00634
1648127700.0,1,0.00643
1648128600.0,1,0.00691
1648129500.0,1,0.00659
1648130400.0,1,0.00614
1648131300.0,1,0.00477
1648132200.0,1,0.00659
1648133100.0,1,0.00618
1648134000.0,1,0.00419
1648134900.0,1,0.00365
1648135800.0,1,0.00538
1648136700.0,1,0.0055
1648137600.0,1,0.00608
1648138500.0,1,0.00419
1648139400.0,1,0.00461
1648140300.0,1,0.00528
1648141200.0,1,0.00621
1648142100.0,1,0.0065
1648143000.0,1,0.00727
1648143900.0,1,0.00662
1648144800.0,1,0.00746
1648145700.0,1,0.00627
1648146600.0,1,0.00608
1648147500.0,1,0.00605
1648148400.0,1,0.00598
1648149300.0,1,0.00781
1648150200.0,1,0.00855
1648151100.0,1,0.0073
1648152000.0,1,0.00714
1648152900.0,1,0.00755
1648153800.0,1,0.00691
1648154700.0,1,0.00637
1648155600.0,1,0.0065
1648156500.0,1,0.00662
1648157400.0,1,0.00646
1648158300.0,1,0.00637
1648159200.0,1,0.00691
1648160100.0,1,0.00621
1648161000.0,1,0.0057
1648161900.0,1,0.00566
1648162800.0,1,0.00506
1648163700.0,1,0.0063
1648164600.0,1,0.0063
1648165500.0,1,0.00589
1648166400.0,1,0.00666
1648167300.0,1,0.00627
1648168200.0,1,0.00608
1648169100.0,1,0.00519
1648170000.0,1,0.00621
1648170900.0,1,0.00602
1648171800.0,1,0.00653
1648172700.0,1,0.00675
1648173600.0,1,0.00646
1648174500.0,1,0.00595
1648175400.0,1,0.00605
1648176300.0,1,0.00589
1648177200.0,1,0.00582
1648178100.0,1,0.00858
1648179000.0,1,0.00682
1648179900.0,1,0.00842
1648180800.0,1,0.00784
1648181700.0,1,0.00656
1648182600.0,1,0.00643
1648183500.0,1,0.00598
1648184400.0,1,0.00477
1648185300.0,1,0.00886
1648186200.0,1,0.00662
1648187100.0,1,0.00755
1648188000.0,1,0.00739
1648188900.0,1,0.00669
1648189800.0,1,0.00672
1648190700.0,1,0.00778
1648191600.0,1,0.00653
1648192500.0,1,0.00656
1648193400.0,1,0.00602
1648194300.0,1,0.00909
1648195200.0,1,0.00685
1648196100.0,1,0.00666
1648197000.0,1,0.00646
1648197900.0,1,0.00627
1648198800.0,1,0.0056
1648199700.0,1,0.00589
1648200600.0,1,0.0057
1648201500.0,1,0.00723
1648202400.0,1,0.00662
1648203300.0,1,0.0079
1648204200.0,1,0.00611
1648205100.0,1,0.00659
1648206000.0,1,0.00576
1648206900.0,1,0.00461
1648207800.0,1,0.00528
1648208700.0,1,0.00646
1648209600.0,1,0.00579
1648210500.0,1,0.0063
1648211400.0,1,0.00666
1648212300.0,1,0.00678
1648213200.0,1,0.00595
1648214100.0,1,0.00803
1648215000.0,1,0.00691
1648215900.0,1,0.00774
1648216800.0,1,0.00672
1648217700.0,1,0.00685
1648218600.0,1,0.0065
1648219500.0,1,0.00624
1648220400.0,1,0.00733
1648221300.0,1,0.00867
1648222200.0,1,0.00538
1648223100.0,1,0.00781
1648224000.0,1,0.00621
1648224900.0,1,0.00678
1648225800.0,1,0.00502
1648226700.0,1,0.00707
1648227600.0,1,0.00685
1648228500.0,1,0.00675
1648229400.0,1,0.00595
1648230300.0,1,0.00739
1648231200.0,1,0.00794
1648232100.0,1,0.00758
1648233000.0,1,0.00589
1648233900.0,1,0.00717
1648234800.0,1,0.00624
1648235700.0,1,0.00691
1648236600.0,1,0.00669
1648237500.0,1,0.00714
1648238400.0,1,0.00787
1648239300.0,1,0.00746
1648240200.0,1,0.00723
1648241100.0,1,0.0071
1648242000.0,1,0.00698
1648242900.0,1,0.0065
1648243800.0,1,0.00736
1648244700.0,1,0.00742
1648245600.0,1,0.00845
1648246500.0,1,0.00733
1648247400.0,1,0.00608
1648248300.0,1,0.00659
1648249200.0,1,0.00646
1648250100.0,1,0.00877
1648251000.0,1,0.00698
1648251900.0,1,0.00803
1648252800.0,1,0.00723
1648253700.0,1,0.00784
1648254600.0,1,0.00781
1648255500.0,1,0.00675
1648256400.0,1,0.00714
1648257300.0,1,0.00794
1648258200.0,1,0.00496
1648259100.0,1,0.0064
1648260000.0,1,0.00582
1648260900.0,1,0.00819
1648261800.0,1,0.0065
1648262700.0,1,0.00659
1648263600.0,1,0.00506
1648264500.0,1,0.00605
1648265400.0,1,0.00445
1648266300.0,1,0.0064
1648267200.0,1,0.0063
1648268100.0,1,0.00675
1648269000.0,1,0.00679
1648269900.0,1,0.00602
1648270800.0,1,0.00678
1648271700.0,1,0.00714
1648272600.0,1,0.0057
1648273500.0,1,0.00614
1648274400.0,1,0.00618
1648275300.0,1,0.00637
1648276200.0,1,0.00746
1648277100.0,1,0.00698
1648278000.0,1,0.00618
1648278900.0,1,0.00614
1648279800.0,1,0.0056
1648280700.0,1,0.00691
1648281600.0,1,0.00643
1648282500.0,1,0.00768
1648283400.0,1,0.00576
1648284300.0,1,0.00602
1648285200.0,1,0.0056
1648286100.0,1,0.00867
1648287000.0,1,0.00659
1648287900.0,1,0.00749
1648288800.0,1,0.00627
1648289700.0,1,0.0071
1648290600.0,1,0.00656
1648291500.0,1,0.00579
1648292400.0,1,0.00563
1648293300.0,1,0.00816
1648294200.0,1,0.00672
1648295100.0,1,0.00669
1648296000.0,1,0.00688
1648296900.0,1,0.00688
1648297800.0,1,0.00646
1648298700.0,1,0.00589
1648299600.0,1,0.00618
1648300500.0,1,0.00365
1648301400.0,1,0.0031
1648302300.0,1,0.00512
1648303200.0,1,0.00586
1648304100.0,1,0.00656
1648305000.0,1,0.00518
1648305900.0,1,0.00454
1648306800.0,1,0.00522
1648307700.0,1,0.00483
1648308600.0,1,0.00422
1648309500.0,1,0.00483
1648310400.0,1,0.00557
1648311300.0,1,0.00742
1648312200.0,1,0.0056
1648313100.0,1,0.0057
1648314000.0,1,0.00496
1648314900.0,1,0.00362
1648315800.0,1,0.00279
1648316700.0,1,0.00464
1648317600.0,1,0.0055
1648318500.0,1,0.0063
1648319400.0,1,0.00662
1648320300.0,1,0.0049
1648321200.0,1,0.00518
1648322100.0,1,0.00451
1648323000.0,1,0.00352
1648323900.0,1,0.00605
1648324800.0,1,0.00694
1648325700.0,1,0.00682
1648326600.0,1,0.00682
1648327500.0,1,0.00582
1648328400.0,1,0.00614
1648329300.0,1,0.0039
1648330200.0,1,0.00352
1648331100.0,1,0.00506
1648332000.0,1,0.00675
1648332900.0,1,0.00541
1648333800.0,1,0.00573
1648334700.0,1,0.00586
1648335600.0,1,0.00499
1648336500.0,1,0.00525
1648337400.0,1,0.00365
1648338300.0,1,0.00525
1648339200.0,1,0.0065
1648340100.0,1,0.00611
1648341000.0,1,0.00646
1648341900.0,1,0.00608
1648342800.0,1,0.00592
1648343700.0,1,0.00662
1648344600.0,1,0.00403
1648345500.0,1,0.00544
1648346400.0,1,0.0064
1648347300.0,1,0.00704
1648348200.0,1,0.00723
1648349100.0,1,0.00784
1648350000.0,1,0.00694
1648350900.0,1,0.00464
1648351800.0,1,0.00419
1648352700.0,1,0.0063
1648353600.0,1,0.00659
1648354500.0,1,0.0057
1648355400.0,1,0.00598
1648356300.0,1,0.00634
1648357200.0,1,0.00592
1648358100.0,1,0.00723
1648359000.0,1,0.00698
1648359900.0,1,0.00723
1648360800.0,1,0.00723
1648361700.0,1,0.00682
1648362600.0,1,0.00586
1648363500.0,1,0.00656
1648364400.0,1,0.00646
1648365300.0,1,0.00739
1648366200.0,1,0.00643
1648367100.0,1,0.00573
1648368000.0,1,0.00704
1648368900.0,1,0.00723
1648369800.0,1,0.00672
1648370700.0,1,0.00643
1648371600.0,1,0.00643
1648372500.0,1,0.00694
1648373400.0,1,0.00666
1648374300.0,1,0.00576
1648375200.0,1,0.00717
1648376100.0,1,0.00803
1648377000.0,1,0.00666
1648377900.0,1,0.00851
1648378800.0,1,0.00867
1648379700.0,1,0.00746
1648380600.0,1,0.00598
1648381500.0,1,0.00647
1648382400.0,1,0.00634
1648383300.0,1,0.00659
1648384200.0,1,0.00685
1648385100.0,1,0.00643
1648386000.0,1,0.00669
1648386900.0,1,0.00643
1648387800.0,1,0.00522
1648388700.0,1,0.00493
1648389600.0,1,0.00579
1648390500.0,1,0.00554
1648391400.0,1,0.00717
1648392300.0,1,0.00576
1648393200.0,1,0.0063
1648394100.0,1,0.00864
1648395000.0,1,0.0089
1648395900.0,1,0.00848
1648396800.0,1,0.0087
1648397700.0,1,0.00733
1648398600.0,1,0.00685
1648399500.0,1,0.0073
1648400400.0,1,0.00678
1648401300.0,1,0.00886
1648402200.0,1,0.00733
1648403100.0,1,0.00621
1648404000.0,1,0.0065
1648404900.0,1,0.00685
1648405800.0,1,0.00704
1648406700.0,1,0.00698
1648407600.0,1,0.00758
1648408500.0,1,0.00749
1648409400.0,1,0.00589
1648410300.0,1,0.00554
1648411200.0,1,0.00618
1648412100.0,1,0.00582
1648413000.0,1,0.0056
1648413900.0,1,0.00541
1648414800.0,1,0.00589
1648415700.0,1,0.00605
1648416600.0,1,0.00602
1648417500.0,1,0.00544
1648418400.0,1,0.00621
1648419300.0,1,0.00646
1648420200.0,1,0.0064
1648421100.0,1,0.00662
1648422000.0,1,0.00566
1648422900.0,1,0.00704
1648423800.0,1,0.00534
1648424700.0,1,0.0055
1648425600.0,1,0.0056
1648426500.0,1,0.00662
1648427400.0,1,0.00528
1648428300.0,1,0.00646
1648429200.0,1,0.00666
1648430100.0,1,0.00922
1648431000.0,1,0.00416
1648431900.0,1,0.00531
1648432800.0,1,0.00579
1648433700.0,1,0.00653
1648434600.0,1,0.00611
1648435500.0,1,0.0057
1648436400.0,1,0.00643
1648437300.0,1,0.00902
1648438200.0,1,0.00531
1648439100.0,1,0.00538
1648440000.0,1,0.00576
1648440900.0,1,0.00627
1648441800.0,1,0.00669
1648442700.0,1,0.00704
1648443600.0,1,0.00698
1648444500.0,1,0.00547
1648445400.0,1,0.00605
1648446300.0,1,0.00493
1648447200.0,1,0.00621
1648448100.0,1,0.00707
1648449000.0,1,0.00621
1648449900.0,1,0.00675
1648450800.0,1,0.00637
1648451700.0,1,0.0063
1648452600.0,1,0.00643
1648453500.0,1,0.00646
1648454400.0,1,0.00685
1648455300.0,1,0.00691
1648456200.0,1,0.00605
1648457100.0,1,0.0064
1648458000.0,1,0.00659
1648458900.0,1,0.00608
1648459800.0,1,0.00618
1648460700.0,1,0.00541
1648461600.0,1,0.00675
1648462500.0,1,0.00707
1648463400.0,1,0.00787
1648464300.0,1,0.00781
1648465200.0,1,0.00803
1648466100.0,1,0.00918
1648467000.0,1,0.00854
1648467900.0,1,0.00643
1648468800.0,1,0.00653
1648469700.0,1,0.0079
1648470600.0,1,0.00608
1648471500.0,1,0.00615
1648472400.0,1,0.00717
1648473300.0,1,0.00778
1648474200.0,1,0.00598
1648475100.0,1,0.00429
1648476000.0,1,0.00486
1648476900.0,1,0.00637
1648477800.0,1,0.00618
1648478700.0,1,0.00579
1648479600.0,1,0.00496
1648480500.0,1,0.00586
1648481400.0,1,0.00429
1648482300.0,1,0.00515
1648483200.0,1,0.00352
1648484100.0,1,0.0057
1648485000.0,1,0.00486
1648485900.0,1,0.00522
1648486800.0,1,0.00368
1648487700.0,1,0.00557
1648488600.0,1,0.00416
1648489500.0,1,0.00438
1648490400.0,1,0.00371
1648491300.0,1,0.00557
1648492200.0,1,0.00534
1648493100.0,1,0.00557
1648494000.0,1,0.00608
1648494900.0,1,0.00541
1648495800.0,1,0.00394
1648496700.0,1,0.00496
1648497600.0,1,0.00486
1648498500.0,1,0.0056
1648499400.0,1,0.00413
1648500300.0,1,0.00442
1648501200.0,1,0.00483
1648502100.0,1,0.00736
1648503000.0,1,0.00474
1648503900.0,1,0.00477
1648504800.0,1,0.00506
1648505700.0,1,0.00563
1648506600.0,1,0.00464
1648507500.0,1,0.00515
1648508400.0,1,0.00544
1648509300.0,1,0.00653
1648510200.0,1,0.00634
1648511100.0,1,0.00563
1648512000.0,1,0.00611
1648512900.0,1,0.00662
1648513800.0,1,0.00509
1648514700.0,1,0.00496
1648515600.0,1,0.00583
1648516500.0,1,0.00531
1648517400.0,1,0.00541
1648518300.0,1,0.00534
1648519200.0,1,0.00544
1648520100.0,1,0.0057
1648521000.0,1,0.00522
1648521900.0,1,0.00496
1648522800.0,1,0.00496
1648523700.0,1,0.00614
1648524600.0,1,0.00493
1648525500.0,1,0.00486
1648526400.0,1,0.00544
1648527300.0,1,0.0063
1648528200.0,1,0.00509
1648529100.0,1,0.00608
1648530000.0,1,0.00605
1648530900.0,1,0.00474
1648531800.0,1,0.00467
1648532700.0,1,0.00378
1648533600.0,1,0.0048
1648534500.0,1,0.0057
1648535400.0,1,0.00493
1648536300.0,1,0.00627
1648537200.0,1,0.00592
1648538100.0,1,0.00694
1648539000.0,1,0.00595
1648539900.0,1,0.00618
1648540800.0,1,0.00544
1648541700.0,1,0.00522
1648542600.0,1,0.00659
1648543500.0,1,0.00579
1648544400.0,1,0.00519
1648545300.0,1,0.00727
1648546200.0,1,0.00503
1648547100.0,1,0.00515
1648548000.0,1,0.00592
1648548900.0,1,0.00506
1648549800.0,1,0.00506
1648550700.0,1,0.00461
1648551600.0,1,0.00611
1648552500.0,1,0.00515
1648553400.0,1,0.00579
1648554300.0,1,0.00528
1648555200.0,1,0.00598
1648556100.0,1,0.00576
1648557000.0,1,0.00589
1648557900.0,1,0.0065
1648558800.0,1,0.00659
1648559700.0,1,0.00579
1648560600.0,1,0.00518
1648561500.0,1,0.00458
1648562400.0,1,0.00445
1648563300.0,1,0.00586
1648564200.0,1,0.00496
1648565100.0,1,0.00531
1648566000.0,1,0.00534
1648566900.0,1,0.00515
1648567800.0,1,0.00502
1648568700.0,1,0.00525
1648569600.0,1,0.0057
1648570500.0,1,0.00627
1648571400.0,1,0.00531
1648572300.0,1,0.00563
1648573200.0,1,0.00544
1648574100.0,1,0.00822
1648575000.0,1,0.00656
1648575900.0,1,0.00688
1648576800.0,1,0.00586
1648577700.0,1,0.00598
1648578600.0,1,0.00576
1648579500.0,1,0.00595
1648580400.0,1,0.00618
1648581300.0,1,0.00771
1648582200.0,1,0.00662
1648583100.0,1,0.0056
1648584000.0,1,0.0056
1648584900.0,1,0.00752
1648585800.0,1,0.00525
1648586700.0,1,0.00566
1648587600.0,1,0.00544
1648588500.0,1,0.00554
1648589400.0,1,0.00621
1648590300.0,1,0.00522
1648591200.0,1,0.00509
1648592100.0,1,0.00605
1648593000.0,1,0.00493
1648593900.0,1,0.00509
1648594800.0,1,0.00621
1648595700.0,1,0.00637
1648596600.0,1,0.00614
1648597500.0,1,0.00509
1648598400.0,1,0.00506
1648599300.0,1,0.00544
1648600200.0,1,0.0055
1648601100.0,1,0.00528
1648602000.0,1,0.00608
1648602900.0,1,0.0048
1648603800.0,1,0.00541
1648604700.0,1,0.00637
1648605600.0,1,0.00541
1648606500.0,1,0.00499
1648607400.0,1,0.00592
1648608300.0,1,0.00554
1648609200.0,1,0.00566
1648610100.0,1,0.00736
1648611000.0,1,0.00496
1648611900.0,1,0.00528
1648612800.0,1,0.00493
1648613700.0,1,0.00432
1648614600.0,1,0.00518
1648615500.0,1,0.00573
1648616400.0,1,0.00637
1648617300.0,1,0.00826
1648618200.0,1,0.00621
1648619100.0,1,0.00538
1648620000.0,1,0.00554
1648620900.0,1,0.00477
1648621800.0,1,0.00743
1648622700.0,1,0.00538
1648623600.0,1,0.00518
1648624500.0,1,0.00506
1648625400.0,1,0.00477
1648626300.0,1,0.00486
1648627200.0,1,0.00435
1648628100.0,1,0.00515
1648629000.0,1,0.00576
1648629900.0,1,0.00566
1648630800.0,1,0.00499
1648631700.0,1,0.00586
1648632600.0,1,0.00483
1648633500.0,1,0.00461
1648634400.0,1,0.00502
1648635300.0,1,0.00531
1648636200.0,1,0.00528
1648637100.0,1,0.00611
1648638000.0,1,0.00557
1648638900.0,1,0.0073
1648639800.0,1,0.0057
1648640700.0,1,0.00554
1648641600.0,1,0.0056
1648642500.0,1,0.00608
1648643400.0,1,0.00573
1648644300.0,1,0.00515
1648645200.0,1,0.00499
1648646100.0,1,0.00739
1648647000.0,1,0.00691
1648647900.0,1,0.00566
1648648800.0,1,0.00522
1648649700.0,1,0.00544
1648650600.0,1,0.00528
1648651500.0,1,0.00563
1648652400.0,1,0.00525
1648653300.0,1,0.00749
1648654200.0,1,0.00602
1648655100.0,1,0.00579
1648656000.0,1,0.00579
1648656900.0,1,0.00467
1648657800.0,1,0.00512
1648658700.0,1,0.00598
1648659600.0,1,0.00573
1648660500.0,1,0.00522
1648661400.0,1,0.00486
1648662300.0,1,0.00509
1648663200.0,1,0.00499
1648664100.0,1,0.0056
1648665000.0,1,0.00582
1648665900.0,1,0.00582
1648666800.0,1,0.00643
1648667700.0,1,0.00525
1648668600.0,1,0.00541
1648669500.0,1,0.00598
1648670400.0,1,0.0055
1648671300.0,1,0.0056
1648672200.0,1,0.00522
1648673100.0,1,0.00576
1648674000.0,1,0.00554
1648674900.0,1,0.00618
1648675800.0,1,0.00547
1648676700.0,1,0.00573
1648677600.0,1,0.00461
1648678500.0,1,0.00474
1648679400.0,1,0.00394
1648680300.0,1,0.00451
1648681200.0,1,0.00627
1648682100.0,1,0.00742
1648683000.0,1,0.00554
1648683900.0,1,0.00563
1648684800.0,1,0.00576
1648685700.0,1,0.00544
1648686600.0,1,0.00595
1648687500.0,1,0.0055
1648688400.0,1,0.00592
1648689300.0,1,0.00768
1648690200.0,1,0.00486
1648691100.0,1,0.0056
1648692000.0,1,0.00384
1648692900.0,1,0.00371
1648693800.0,1,0.0049
1648694700.0,1,0.00534
1648695600.0,1,0.00634
1648696500.0,1,0.00502
1648697400.0,1,0.00381
1648698300.0,1,0.00483
1648699200.0,1,0.00384
1648700100.0,1,0.00528
1648701000.0,1,0.00534
1648701900.0,1,0.00512
1648702800.0,1,0.00643
1648703700.0,1,0.00662
1648704600.0,1,0.00573
1648705500.0,1,0.00515
1648706400.0,1,0.00611
1648707300.0,1,0.0055
1648708200.0,1,0.0056
1648709100.0,1,0.00518
1648710000.0,1,0.00576
1648710900.0,1,0.0064
1648711800.0,1,0.00509
1648712700.0,1,0.00461
1648713600.0,1,0.00429
1648714500.0,1,0.00445
1648715400.0,1,0.00458
1648716300.0,1,0.00538
1648717200.0,1,0.00525
1648718100.0,1,0.00774
1648719000.0,1,0.00662
1648719900.0,1,0.00531
1648720800.0,1,0.00509
1648721700.0,1,0.00502
1648722600.0,1,0.00454
1648723500.0,1,0.0049
1648724400.0,1,0.00518
1648725300.0,1,0.00806
1648726200.0,1,0.00406
1648727100.0,1,0.00554
1648728000.0,1,0.00531
1648728900.0,1,0.00365
1648729800.0,1,0.0033
1648730700.0,1,0.00576
1648731600.0,1,0.00557
1648732500.0,1,0.00512
1648733400.0,1,0.00502
1648734300.0,1,0.00534
1648735200.0,1,0.00502
1648736100.0,1,0.0049
1648737000.0,1,0.00403
1648737900.0,1,0.00451
1648738800.0,1,0.00627
1648739700.0,1,0.00656
1648740600.0,1,0.00512
1648741500.0,1,0.00496
1648742400.0,1,0.00538
1648743300.0,1,0.0056
1648744200.0,1,0.00502
1648745100.0,1,0.00518
1648746000.0,1,0.00534
1648746900.0,1,0.00662
1648747800.0,1,0.0056
1648748700.0,1,0.00448
1648749600.0,1,0.00519
1648750500.0,1,0.00528
1648751400.0,1,0.0049
1648752300.0,1,0.00512
1648753200.0,1,0.00522
1648754100.0,1,0.00797
1648755000.0,1,0.00739
1648755900.0,1,0.00531
1648756800.0,1,0.00563
1648757700.0,1,0.00563
1648758600.0,1,0.00496
1648759500.0,1,0.00592
1648760400.0,1,0.00589
1648761300.0,1,0.00691
1648762200.0,1,0.00656
1648763100.0,1,0.00551
1648764000.0,1,0.00851
1648764900.0,1,0.00774
1648765800.0,1,0.00826
1648766700.0,1,0.00714
1648767600.0,1,0.00797
1648768500.0,1,0.00759
1648769400.0,1,0.0088
1648770300.0,1,0.00656
1648771200.0,1,0.00707
1648772100.0,1,0.00566
1648773000.0,1,0.00461
1648773900.0,1,0.00573
1648774800.0,1,0.00563
1648775700.0,1,0.00576
1648776600.0,1,0.00528
1648777500.0,1,0.00518
1648778400.0,1,0.00518
1648779300.0,1,0.00474
1648780200.0,1,0.0049
1648781100.0,1,0.00614
1648782000.0,1,0.00531
1648782900.0,1,0.00506
1648783800.0,1,0.00563
1648784700.0,1,0.00522
1648785600.0,1,0.00528
1648786500.0,1,0.00474
1648787400.0,1,0.00502
1648788300.0,1,0.0057
1648789200.0,1,0.00589
1648790100.0,1,0.00797
1648791000.0,1,0.01581
1648791900.0,1,0.0064
1648792800.0,1,0.00602
1648793700.0,1,0.00477
1648794600.0,1,0.00467
1648795500.0,1,0.00448
1648796400.0,1,0.00525
1648797300.0,1,0.00675
1648798200.0,1,0.00605
1648799100.0,1,0.00602
1648800000.0,1,0.00499
1648800900.0,1,0.00531
1648801800.0,1,0.0049
1648802700.0,1,0.00438
1648803600.0,1,0.00458
1648804500.0,1,0.00483
1648805400.0,1,0.00518
1648806300.0,1,0.00598
1648807200.0,1,0.00544
1648808100.0,1,0.00451
1648809000.0,1,0.00518
1648809900.0,1,0.00522
1648810800.0,1,0.0048
1648811700.0,1,0.00557
1648812600.0,1,0.00592
1648813500.0,1,0.00573
1648814400.0,1,0.00442
1648815300.0,1,0.00464
1648816200.0,1,0.00442
1648817100.0,1,0.00394
1648818000.0,1,0.00538
1648818900.0,1,0.00534
1648819800.0,1,0.0064
1648820700.0,1,0.00602
1648821600.0,1,0.00554
1648822500.0,1,0.00506
1648823400.0,1,0.0064
1648824300.0,1,0.00518
1648825200.0,1,0.00506
1648826100.0,1,0.0079
1648827000.0,1,0.00499
1648827900.0,1,0.00618
1648828800.0,1,0.00547
1648829700.0,1,0.00554
1648830600.0,1,0.00538
1648831500.0,1,0.00502
1648832400.0,1,0.00496
1648833300.0,1,0.00803
1648834200.0,1,0.00659
1648835100.0,1,0.00598
1648836000.0,1,0.00566
1648836900.0,1,0.00454
1648837800.0,1,0.00502
1648838700.0,1,0.00483
1648839600.0,1,0.00483
1648840500.0,1,0.00445
1648841400.0,1,0.00557
1648842300.0,1,0.00464
1648843200.0,1,0.00634
1648844100.0,1,0.00598
1648845000.0,1,0.00528
1648845900.0,1,0.00618
1648846800.0,1,0.00506
1648847700.0,1,0.00534
1648848600.0,1,0.00477
1648849500.0,1,0.0049
1648850400.0,1,0.00528
1648851300.0,1,0.00518
1648852200.0,1,0.00502
1648853100.0,1,0.00502
1648854000.0,1,0.0049
1648854900.0,1,0.00518
1648855800.0,1,0.00534
1648856700.0,1,0.00445
1648857600.0,1,0.00647
1648858500.0,1,0.00557
1648859400.0,1,0.00486
1648860300.0,1,0.00493
1648861200.0,1,0.00506
1648862100.0,1,0.00717
1648863000.0,1,0.00608
1648863900.0,1,0.00544
1648864800.0,1,0.00515
1648865700.0,1,0.00531
1648866600.0,1,0.00518
1648867500.0,1,0.00525
1648868400.0,1,0.00515
1648869300.0,1,0.00755
1648870200.0,1,0.00464
1648871100.0,1,0.00445
1648872000.0,1,0.00448
1648872900.0,1,0.00528
1648873800.0,1,0.00461
1648874700.0,1,0.00525
1648875600.0,1,0.00634
1648876500.0,1,0.00672
1648877400.0,1,0.00621
1648878300.0,1,0.00614
1648879200.0,1,0.00566
1648880100.0,1,0.00579
1648881000.0,1,0.00483
1648881900.0,1,0.00531
1648882800.0,1,0.00547
1648883700.0,1,0.00573
1648884600.0,1,0.00566
1648885500.0,1,0.00528
1648886400.0,1,0.00624
1648887300.0,1,0.00339
1648888200.0,1,0.00336
1648889100.0,1,0.00486
1648890000.0,1,0.0041
1648890900.0,1,0.00406
1648891800.0,1,0.0047
1648892700.0,1,0.00512
1648893600.0,1,0.00531
1648894500.0,1,0.00413
1648895400.0,1,0.00503
1648896300.0,1,0.00563
1648897200.0,1,0.00525
1648898100.0,1,0.00691
1648899000.0,1,0.00566
1648899900.0,1,0.00618
1648900800.0,1,0.00579
1648901700.0,1,0.0064
1648902600.0,1,0.00566
1648903500.0,1,0.00637
1648904400.0,1,0.00576
1648905300.0,1,0.00678
1648906200.0,1,0.00682
1648907100.0,1,0.00659
1648908000.0,1,0.0057
1648908900.0,1,0.00525
1648909800.0,1,0.00602
1648910700.0,1,0.00586
1648911600.0,1,0.00535
1648912500.0,1,0.00512
1648913400.0,1,0.00454
1648914300.0,1,0.00499
1648915200.0,1,0.00528
1648916100.0,1,0.00454
1648917000.0,1,0.00512
1648917900.0,1,0.00583
1648918800.0,1,0.00589
1648919700.0,1,0.00598
1648920600.0,1,0.00595
1648921500.0,1,0.00589
1648922400.0,1,0.00502
1648923300.0,1,0.00474
1648924200.0,1,0.00525
1648925100.0,1,0.00646
1648926000.0,1,0.00554
1648926900.0,1,0.00576
1648927800.0,1,0.00515
1648928700.0,1,0.0055
1648929600.0,1,0.00525
1648930500.0,1,0.0049
1648931400.0,1,0.00515
1648932300.0,1,0.00435
1648933200.0,1,0.00442
1648934100.0,1,0.00682
1648935000.0,1,0.00602
1648935900.0,1,0.00573
1648936800.0,1,0.00691
1648937700.0,1,0.00528
1648938600.0,1,0.00618
1648939500.0,1,0.00554
1648940400.0,1,0.00563
1648941300.0,1,0.00726
1648942200.0,1,0.00608
1648943100.0,1,0.00512
1648944000.0,1,0.00595
1648944900.0,1,0.00534
1648945800.0,1,0.00438
1648946700.0,1,0.0056
1648947600.0,1,0.00573
1648948500.0,1,0.00621
1648949400.0,1,0.0049
1648950300.0,1,0.00464
1648951200.0,1,0.0048
1648952100.0,1,0.00506
1648953000.0,1,0.00534
1648953900.0,1,0.00598
1648954800.0,1,0.00627
1648955700.0,1,0.00579
1648956600.0,1,0.00563
1648957500.0,1,0.00541
1648958400.0,1,0.00493
1648959300.0,1,0.00474
1648960200.0,1,0.00646
1648961100.0,1,0.00653
1648962000.0,1,0.00528
1648962900.0,1,0.0064
1648963800.0,1,0.00486
1648964700.0,1,0.00499
1648965600.0,1,0.00595
1648966500.0,1,0.00467
1648967400.0,1,0.00483
1648968300.0,1,0.00608
1648969200.0,1,0.00573
1648970100.0,1,0.0081
1648971000.0,1,0.00707
1648971900.0,1,0.00605
1648972800.0,1,0.00646
1648973700.0,1,0.00515
1648974600.0,1,0.00624
1648975500.0,1,0.00707
1648976400.0,1,0.00589
1648977300.0,1,0.00768
1648978200.0,1,0.00614
1648979100.0,1,0.00528
1648980000.0,1,0.00445
1648980900.0,1,0.00573
1648981800.0,1,0.00685
1648982700.0,1,0.00659
1648983600.0,1,0.00599
1648984500.0,1,0.00534
1648985400.0,1,0.00522
1648986300.0,1,0.00515
1648987200.0,1,0.00518
1648988100.0,1,0.00525
1648989000.0,1,0.00448
1648989900.0,1,0.00522
1648990800.0,1,0.00653
1648991700.0,1,0.00643
1648992600.0,1,0.00582
1648993500.0,1,0.00519
1648994400.0,1,0.00534
1648995300.0,1,0.0049
1648996200.0,1,0.00586
1648997100.0,1,0.00541
1648998000.0,1,0.00512
1648998900.0,1,0.00573
1648999800.0,1,0.00557
1649000700.0,1,0.00445
1649001600.0,1,0.00518
1649002500.0,1,0.00525
1649003400.0,1,0.0039
1649004300.0,1,0.01526
1649005200.0,1,0.00634
1649006100.0,1,0.00826
1649007000.0,1,0.00621
1649007900.0,1,0.00554
1649008800.0,1,0.00547
1649009700.0,1,0.00483
1649010600.0,1,0.00464
1649011500.0,1,0.00432
1649012400.0,1,0.00589
1649013300.0,1,0.00803
1649014200.0,1,0.00653
1649015100.0,1,0.00547
1649016000.0,1,0.00573
1649016900.0,1,0.00544
1649017800.0,1,0.00493
1649018700.0,1,0.00528
1649019600.0,1,0.00579
1649020500.0,1,0.00522
1649021400.0,1,0.00528
1649022300.0,1,0.00522
1649023200.0,1,0.0048
1649024100.0,1,0.00598
1649025000.0,1,0.00486
1649025900.0,1,0.00448
1649026800.0,1,0.00544
1649027700.0,1,0.00717
1649028600.0,1,0.00442
1649029500.0,1,0.00474
1649030400.0,1,0.00493
