timestamp,ros_delay_ms,yolo_infer_ms,node_latency_ms,roi_kb,detections,gpu_%,cpu_%,power_mW,ram_MB
1776591346.4176166,157.97,1682.58,1698.44,10.8,1,0,53.7,7040,6022
1776591346.4505162,159.35,21.06,29.53,10.7,2,0,53.7,7040,6022
1776591346.4808586,156.06,20.19,28.43,10.7,2,0,53.7,7040,6022
1776591346.5107088,152.6,19.82,28.1,10.6,2,0,53.7,7040,6022
1776591346.5411115,165.87,20.07,28.55,10.7,2,0,53.7,7040,6022
1776591346.5717473,165.07,20.36,28.97,10.7,2,0,53.7,7040,6022
1776591346.6032686,157.13,20.12,29.01,10.7,2,0,53.7,7040,6022
1776591346.6351538,159.31,20.75,30.05,10.7,2,0,53.7,7040,6022
1776591346.668993,159.27,21.16,32.02,10.8,2,0,53.7,7040,6022
1776591346.7003849,158.97,19.9,29.35,10.8,2,0,53.7,7040,6022
1776591346.7317886,158.82,20.41,29.35,10.8,2,0,53.7,7040,6022
1776591346.7627683,154.09,19.84,29.05,10.8,2,0,53.7,7040,6022
1776591346.793159,153.5,20.16,28.66,10.7,2,0,53.7,7040,6022
1776591346.8258963,165.27,22.29,30.93,10.8,2,45,48.3,7277,6101
1776591346.8574598,166.2,20.37,29.87,10.8,2,45,48.3,7277,6101
1776591346.8918052,162.62,22.63,32.33,10.8,2,45,48.3,7277,6101
1776591346.9244277,162.47,22.09,30.84,10.9,2,45,48.3,7277,6101
1776591346.9583747,167.25,20.35,30.17,10.9,2,45,48.3,7277,6101
1776591346.9912384,164.72,20.25,28.96,10.9,2,45,48.3,7277,6101
1776591347.0240457,162.51,21.26,31.11,10.9,2,45,48.3,7277,6101
1776591347.056786,164.84,21.83,30.9,10.9,2,45,48.3,7277,6101
1776591347.0882175,163.61,20.82,29.79,10.9,2,45,48.3,7277,6101
1776591347.1192615,162.81,20.03,29.22,10.9,2,45,48.3,7277,6101
1776591347.1496077,159.17,19.74,28.58,10.8,2,45,48.3,7277,6101
1776591347.1797593,155.71,19.79,28.43,10.9,2,45,48.3,7277,6101
1776591347.2105758,152.57,19.84,28.94,10.9,2,45,48.3,7277,6101
1776591347.2413795,148.04,20.13,28.81,10.9,2,45,48.3,7277,6101
1776591347.2725446,165.63,20.57,29.38,10.9,2,45,48.3,7277,6101
1776591347.3041608,161.84,20.47,29.93,10.8,2,45,48.3,7277,6101
1776591347.335303,160.82,20.29,29.39,10.8,2,45,48.3,7277,6101
1776591347.367837,160.1,20.48,30.39,10.8,2,45,48.3,7277,6101
1776591347.3999627,159.53,20.27,29.96,10.8,2,45,48.3,7277,6101
1776591347.431558,157.36,19.94,29.56,10.8,2,45,48.3,7277,6101
1776591347.464308,157.18,20.69,30.46,10.8,2,45,48.3,7277,6101
1776591347.4966156,155.29,20.58,29.91,10.8,2,45,48.3,7277,6101
1776591347.5288303,149.54,20.99,30.39,10.7,2,45,48.3,7277,6101
1776591347.5612812,148.54,20.48,29.96,10.7,2,45,48.3,7277,6101
1776591347.5917957,151.69,20.11,28.27,10.7,2,45,48.3,7277,6101
1776591347.622808,164.85,20.17,29.33,10.7,2,45,48.3,7277,6101
1776591347.653594,161.72,20.27,29.01,10.7,2,45,48.3,7277,6101
1776591347.6836169,160.73,19.83,28.22,10.7,2,45,48.3,7277,6101
1776591347.7142308,156.89,20.0,28.64,10.6,2,45,48.3,7277,6101
1776591347.744719,156.09,20.21,28.32,10.7,2,45,48.3,7277,6101
1776591347.7755778,167.02,20.51,28.92,10.6,2,45,48.3,7277,6101
1776591347.8060591,163.61,19.99,28.51,10.6,2,45,48.3,7277,6101
1776591347.836412,163.18,19.83,28.65,10.6,2,47,45.8,7435,6106
1776591347.86691,157.99,19.81,28.82,10.6,2,47,45.8,7435,6106
1776591347.8973975,156.6,19.77,28.75,10.6,2,47,45.8,7435,6106
1776591347.9280431,153.64,19.8,28.8,10.6,2,47,45.8,7435,6106
1776591347.9592505,168.22,20.27,29.19,10.6,2,47,45.8,7435,6106
1776591347.9910157,167.48,20.66,29.81,10.6,2,47,45.8,7435,6106
1776591348.0216918,163.92,20.21,28.79,10.6,2,47,45.8,7435,6106
1776591348.0525455,161.65,20.5,29.16,10.7,2,47,45.8,7435,6106
1776591348.0829933,156.97,19.86,28.72,10.7,2,47,45.8,7435,6106
1776591348.1138763,155.93,19.85,29.09,10.7,2,47,45.8,7435,6106
1776591348.144411,154.83,19.69,28.81,10.6,2,47,45.8,7435,6106
1776591348.1754754,165.07,20.24,29.3,10.6,2,47,45.8,7435,6106
1776591348.2067366,165.53,20.41,29.5,10.6,2,47,45.8,7435,6106
1776591348.238381,164.2,20.41,29.61,10.6,2,47,45.8,7435,6106
1776591348.271301,159.55,21.06,31.27,10.6,2,47,45.8,7435,6106
1776591348.304774,161.71,21.14,31.71,10.6,2,47,45.8,7435,6106
1776591348.3401165,161.17,21.66,32.8,10.6,2,47,45.8,7435,6106
1776591348.3737,163.29,21.83,31.52,10.6,2,47,45.8,7435,6106
1776591348.4063046,166.62,21.73,30.89,10.6,2,47,45.8,7435,6106
1776591348.4389312,162.96,20.47,30.95,10.6,2,47,45.8,7435,6106
1776591348.4704905,163.61,20.44,29.8,10.5,2,47,45.8,7435,6106
1776591348.5016143,161.97,20.28,29.18,10.5,2,47,45.8,7435,6106
1776591348.5337667,158.97,20.53,30.44,10.5,2,47,45.8,7435,6106
1776591348.5665317,156.74,20.5,30.82,10.5,2,47,45.8,7435,6106
1776591348.5991316,156.28,20.46,30.87,10.5,2,47,45.8,7435,6106
1776591348.6323478,155.43,20.63,31.43,10.4,2,47,45.8,7435,6106
1776591348.6627514,155.11,20.17,28.53,10.5,2,47,45.8,7435,6106
1776591348.693315,156.26,19.96,28.6,10.5,2,47,45.8,7435,6106
1776591348.7242038,165.3,20.2,29.06,10.5,2,47,45.8,7435,6106
1776591348.754879,165.29,20.08,28.97,10.4,2,47,45.8,7435,6106
1776591348.7855055,161.27,20.0,28.83,10.5,2,47,45.8,7435,6106
1776591348.8165448,160.5,19.59,29.06,10.4,2,47,45.8,7435,6106
1776591348.8486145,158.74,20.71,29.9,10.4,2,77,44.5,7423,6112
1776591348.8792448,158.73,20.14,28.64,10.4,2,77,44.5,7423,6112
1776591348.9085655,154.27,19.52,27.59,10.4,2,77,44.5,7423,6112
1776591348.938496,163.94,19.85,28.12,10.4,2,77,44.5,7423,6112
1776591348.97088,162.01,21.19,30.8,10.4,2,77,44.5,7423,6112
1776591349.00467,158.57,21.83,31.81,10.4,2,77,44.5,7423,6112
1776591349.039936,159.76,22.55,33.32,10.5,2,77,44.5,7423,6112
1776591349.0723324,165.13,21.15,30.27,10.4,2,77,44.5,7423,6112
1776591349.10304,162.75,20.03,29.06,10.4,2,77,44.5,7423,6112
1776591349.1340225,161.98,20.03,29.12,10.4,2,77,44.5,7423,6112
1776591349.1647704,159.69,19.87,28.92,10.4,2,77,44.5,7423,6112
1776591349.1950653,155.99,19.98,28.59,10.4,2,77,44.5,7423,6112
1776591349.2253737,154.32,19.83,28.38,10.4,2,77,44.5,7423,6112
1776591349.2566066,165.69,20.28,29.24,10.4,2,77,44.5,7423,6112
1776591349.2881222,161.76,20.9,29.76,10.4,2,77,44.5,7423,6112
1776591349.318504,160.89,20.15,28.76,10.5,2,77,44.5,7423,6112
1776591349.349198,158.57,20.17,28.92,10.4,2,77,44.5,7423,6112
1776591349.3795824,156.73,20.04,28.71,10.4,2,77,44.5,7423,6112
1776591349.4098828,154.19,20.04,28.47,10.4,2,77,44.5,7423,6112
1776591349.4401767,150.39,19.85,28.35,10.4,2,77,44.5,7423,6112
1776591349.4715023,163.27,20.62,29.54,10.4,2,77,44.5,7423,6112
1776591349.5017796,164.4,20.05,28.64,10.4,2,77,44.5,7423,6112
1776591349.5318658,157.83,19.83,28.38,10.5,2,77,44.5,7423,6112
1776591349.5627317,174.14,20.27,29.17,10.5,2,77,44.5,7423,6112
1776591349.5933206,154.64,19.95,28.83,10.5,2,77,44.5,7423,6112
1776591349.6241083,167.17,19.78,29.01,10.5,2,77,44.5,7423,6112
1776591349.654559,162.74,20.04,28.72,10.5,2,77,44.5,7423,6112
1776591349.6850927,160.44,19.78,28.85,10.5,2,77,44.5,7423,6112
1776591349.718615,150.96,20.26,31.85,10.5,2,77,44.5,7423,6112
1776591349.753889,160.48,21.49,32.62,10.4,2,77,44.5,7423,6112
1776591349.7880642,161.51,22.15,32.4,10.5,2,77,44.5,7423,6112
1776591349.8240838,159.4,22.31,33.7,10.4,2,77,44.5,7423,6112
1776591349.8585021,165.21,21.69,32.53,10.5,2,43,45.2,7435,6115
1776591349.8891046,166.75,19.85,28.26,10.5,2,43,45.2,7435,6115
1776591349.9198098,165.7,20.32,29.03,10.5,2,43,45.2,7435,6115
1776591349.9501145,158.63,19.82,28.62,10.4,2,43,45.2,7435,6115
1776591349.9802663,158.16,19.76,28.44,10.5,2,43,45.2,7435,6115
1776591350.013252,155.27,21.36,31.28,10.4,2,43,45.2,7435,6115
1776591350.0463488,155.85,21.3,31.08,10.5,2,43,45.2,7435,6115
1776591350.0764747,153.07,19.63,28.3,10.5,2,43,45.2,7435,6115
1776591350.1064162,146.72,19.75,28.18,10.5,2,43,45.2,7435,6115
1776591350.1408436,163.68,20.79,32.73,10.4,2,43,45.2,7435,6115
1776591350.1733155,168.12,21.57,30.15,10.5,2,43,45.2,7435,6115
1776591350.2048378,165.77,20.57,29.71,10.5,2,43,45.2,7435,6115
1776591350.2368367,163.17,20.39,30.4,10.4,2,43,45.2,7435,6115
1776591350.2683625,162.93,20.65,29.92,10.4,2,43,45.2,7435,6115
1776591350.2991576,159.83,19.8,28.93,10.5,2,43,45.2,7435,6115
1776591350.3313541,158.88,20.29,30.2,10.5,2,43,45.2,7435,6115
1776591350.362797,156.91,20.81,29.57,10.5,2,43,45.2,7435,6115
1776591350.395539,154.62,20.76,30.94,10.4,2,43,45.2,7435,6115
1776591350.4268126,153.59,20.38,29.47,10.4,2,43,45.2,7435,6115
1776591350.4582958,170.04,20.1,29.24,10.4,2,43,45.2,7435,6115
1776591350.4901485,166.11,20.58,30.17,10.5,2,43,45.2,7435,6115
1776591350.5213645,167.28,20.52,29.26,10.4,2,43,45.2,7435,6115
1776591350.5520496,163.63,20.12,29.0,10.5,2,43,45.2,7435,6115
1776591350.5831566,160.8,20.04,29.38,10.5,2,43,45.2,7435,6115
1776591350.6142585,155.9,20.06,29.31,10.5,2,43,45.2,7435,6115
1776591350.6471643,152.79,21.04,31.16,10.5,2,43,45.2,7435,6115
1776591350.6805592,153.73,21.03,31.4,10.5,2,43,45.2,7435,6115
1776591350.7128222,153.59,20.78,29.93,10.5,2,43,45.2,7435,6115
1776591350.744029,153.91,19.84,29.09,10.5,2,43,45.2,7435,6115
1776591350.7759802,152.69,20.16,29.89,10.6,2,43,45.2,7435,6115
1776591350.8082793,150.5,20.39,29.83,10.6,1,43,45.2,7435,6115
1776591350.8404026,149.65,20.07,29.23,10.6,2,16,44.3,7396,6116
1776591350.8716433,164.55,20.39,29.49,10.6,2,16,44.3,7396,6116
1776591350.90338,160.94,20.45,29.94,10.6,2,16,44.3,7396,6116
1776591350.934707,160.99,20.41,29.47,10.6,2,16,44.3,7396,6116
1776591350.9661798,160.63,20.06,29.49,10.7,2,16,44.3,7396,6116
1776591350.9976747,159.88,20.06,29.63,10.8,2,16,44.3,7396,6116
1776591351.0290978,148.85,20.03,29.61,10.8,2,16,44.3,7396,6116
1776591351.0608659,157.3,20.16,29.7,10.7,2,16,44.3,7396,6116
1776591351.0924618,150.46,20.4,29.72,10.7,2,16,44.3,7396,6116
1776591351.1244185,149.34,20.8,29.92,10.7,2,16,44.3,7396,6116
1776591351.1554232,164.54,20.21,29.21,10.7,2,16,44.3,7396,6116
1776591351.1865687,163.33,20.26,29.3,10.6,2,16,44.3,7396,6116
1776591351.217667,159.13,20.29,29.32,10.3,2,16,44.3,7396,6116
1776591351.2493846,160.04,20.57,29.8,10.2,2,16,44.3,7396,6116
1776591351.2805605,158.91,19.93,29.45,10.1,2,16,44.3,7396,6116
1776591351.3122482,155.82,20.24,29.81,10.2,2,16,44.3,7396,6116
1776591351.3437734,155.31,20.24,29.54,10.3,2,16,44.3,7396,6116
1776591351.3750622,153.4,20.14,29.35,10.3,2,16,44.3,7396,6116
1776591351.407634,160.77,20.12,30.51,10.2,2,16,44.3,7396,6116
1776591351.4394252,165.9,20.51,29.95,10.2,2,16,44.3,7396,6116
1776591351.471833,162.51,21.1,30.53,10.2,2,16,44.3,7396,6116
1776591351.5034297,163.55,20.46,30.0,10.1,2,16,44.3,7396,6116
1776591351.5350006,161.69,20.11,29.69,10.2,2,16,44.3,7396,6116
1776591351.5657992,160.34,20.06,29.02,10.1,2,16,44.3,7396,6116
1776591351.5962849,156.05,19.93,28.85,9.6,2,16,44.3,7396,6116
1776591351.627352,154.26,20.34,29.17,9.6,2,16,44.3,7396,6116
1776591351.6582608,151.62,19.75,28.92,9.8,2,16,44.3,7396,6116
1776591351.6905794,165.48,20.53,30.54,9.7,2,16,44.3,7396,6116
1776591351.7240627,165.48,21.52,31.38,9.8,2,16,44.3,7396,6116
1776591351.7570975,165.56,21.13,31.19,10.0,2,16,44.3,7396,6116
1776591351.7899163,165.28,20.78,30.35,10.2,2,16,44.3,7396,6116
1776591351.8211217,166.81,20.08,29.31,10.1,2,16,44.3,7396,6116
1776591351.8533373,161.57,20.38,30.51,10.0,2,34,46.0,7396,6117
1776591351.8852358,161.34,20.58,30.17,10.0,2,34,46.0,7396,6117
1776591351.91695,160.06,20.3,29.96,10.1,2,34,46.0,7396,6117
1776591351.9494603,159.83,20.06,30.52,10.1,2,34,46.0,7396,6117
1776591351.9807951,160.04,20.82,29.52,10.2,2,34,46.0,7396,6117
1776591352.0113108,156.15,19.71,28.92,10.4,2,34,46.0,7396,6117
1776591352.043757,152.82,20.29,30.49,10.5,1,34,46.0,7396,6117
1776591352.0785708,152.52,20.52,32.48,10.7,2,34,46.0,7396,6117
1776591352.110037,151.38,20.13,29.77,10.7,1,34,46.0,7396,6117
1776591352.1418169,168.18,20.36,30.0,10.6,2,34,46.0,7396,6117
1776591352.1725678,167.42,19.93,28.84,10.6,1,34,46.0,7396,6117
1776591352.203563,165.19,19.93,29.16,10.6,2,34,46.0,7396,6117
1776591352.235547,164.21,21.56,30.28,10.5,2,34,46.0,7396,6117
1776591352.2661283,162.7,19.97,28.65,10.5,1,34,46.0,7396,6117
1776591352.2969928,156.39,19.86,28.91,10.5,1,34,46.0,7396,6117
1776591352.3275006,155.99,20.12,28.84,10.5,1,34,46.0,7396,6117
1776591352.3596435,152.49,20.11,30.16,10.5,1,34,46.0,7396,6117
1776591352.392042,154.04,20.63,30.13,10.5,1,34,46.0,7396,6117
1776591352.42341,151.71,20.16,29.03,10.5,1,34,46.0,7396,6117
1776591352.454228,159.13,20.16,29.05,10.5,1,34,46.0,7396,6117
1776591352.487652,164.94,21.4,31.77,10.5,1,34,46.0,7396,6117
1776591352.5228572,165.23,20.98,32.88,10.5,1,34,46.0,7396,6117
1776591352.554031,166.39,19.97,29.13,10.5,1,34,46.0,7396,6117
1776591352.584919,163.74,20.2,29.1,10.5,1,34,46.0,7396,6117
1776591352.6157753,162.41,20.37,29.14,10.5,1,34,46.0,7396,6117
1776591352.6466622,156.65,20.03,29.04,10.5,1,34,46.0,7396,6117
1776591352.6774607,157.06,19.93,28.85,10.5,1,34,46.0,7396,6117
1776591352.709308,154.04,21.09,30.16,10.5,1,34,46.0,7396,6117
1776591352.7421649,161.22,21.51,31.16,10.5,1,34,46.0,7396,6117
1776591352.7746253,168.05,20.9,30.3,10.5,1,34,46.0,7396,6117
1776591352.8071089,166.94,21.49,30.4,10.5,1,34,46.0,7396,6117
1776591352.838199,164.4,19.96,29.26,10.5,1,34,46.0,7396,6117
1776591352.8688278,165.21,19.93,28.82,10.5,1,74,44.7,7435,6119
1776591352.8994567,159.66,19.9,28.97,10.5,1,74,44.7,7435,6119
1776591352.930093,157.17,19.87,28.7,10.5,1,74,44.7,7435,6119
1776591352.960823,150.98,19.85,29.02,10.5,1,74,44.7,7435,6119
1776591352.9915545,150.96,19.93,28.91,10.5,2,74,44.7,7435,6119
1776591353.02255,152.53,20.25,29.06,10.5,1,74,44.7,7435,6119
1776591353.0536976,165.61,20.07,29.22,10.5,1,74,44.7,7435,6119
1776591353.0862954,161.46,20.66,31.02,10.5,1,74,44.7,7435,6119
1776591353.1174011,162.39,20.59,29.48,10.5,1,74,44.7,7435,6119
1776591353.1468265,160.41,19.92,27.69,10.5,1,74,44.7,7435,6119
1776591353.1818938,157.72,21.18,33.37,10.5,1,74,44.7,7435,6119
1776591353.2148452,158.5,19.75,31.2,10.5,1,74,44.7,7435,6119
1776591353.246895,158.86,19.56,29.77,10.5,1,74,44.7,7435,6119
1776591353.2769163,156.7,20.0,28.35,10.5,1,74,44.7,7435,6119
1776591353.311124,156.49,20.25,28.66,10.5,2,74,44.7,7435,6119
1776591353.3438964,154.68,20.05,30.9,10.5,2,74,44.7,7435,6119
1776591353.3763103,156.42,19.53,27.02,10.5,0,74,44.7,7435,6119
1776591353.406284,152.37,19.73,28.31,10.5,1,74,44.7,7435,6119
1776591353.4369426,165.48,21.3,29.0,10.5,1,74,44.7,7435,6119
1776591353.4675398,163.77,20.73,29.0,10.4,1,74,44.7,7435,6119
1776591353.499744,161.28,20.58,30.39,10.5,2,74,44.7,7435,6119
1776591353.529917,161.11,19.81,28.33,10.5,1,74,44.7,7435,6119
1776591353.5611718,171.87,20.37,29.37,10.4,1,74,44.7,7435,6119
1776591353.591752,153.79,20.23,28.69,10.5,1,74,44.7,7435,6119
1776591353.6251488,151.49,20.76,31.34,10.4,1,74,44.7,7435,6119
1776591353.6573389,166.27,21.31,30.33,10.5,1,74,44.7,7435,6119
1776591353.6874096,164.94,20.01,28.33,10.5,1,74,44.7,7435,6119
1776591353.7183943,159.16,19.88,29.07,10.5,2,74,44.7,7435,6119
1776591353.749069,159.4,20.14,28.94,10.5,1,74,44.7,7435,6119
1776591353.7818341,159.51,22.07,30.96,10.5,1,74,44.7,7435,6119
1776591353.8169377,158.18,20.88,33.36,10.4,1,74,44.7,7435,6119
1776591353.8554723,161.13,24.31,35.08,10.4,1,74,44.7,7435,6119
1776591353.8862484,146.47,20.43,28.7,10.5,1,67,45.8,7463,6123
1776591353.921511,164.57,21.59,33.63,10.5,1,67,45.8,7463,6123
1776591353.9538963,166.47,21.81,29.54,10.5,1,67,45.8,7463,6123
1776591353.986726,159.02,21.24,31.18,10.5,1,67,45.8,7463,6123
1776591354.0190394,160.79,21.63,30.65,10.4,1,67,45.8,7463,6123
1776591354.0501943,165.49,20.23,29.27,10.4,1,67,45.8,7463,6123
1776591354.0804083,157.95,20.12,28.52,10.5,1,67,45.8,7463,6123
1776591354.1108987,157.28,19.87,28.73,10.5,1,67,45.8,7463,6123
1776591354.1457813,171.7,20.52,32.87,10.5,1,67,45.8,7463,6123
1776591354.180475,154.03,21.13,32.47,10.5,1,67,45.8,7463,6123
1776591354.2135472,158.93,20.74,31.01,10.5,1,67,45.8,7463,6123
1776591354.2475147,158.59,20.79,31.94,10.5,1,67,45.8,7463,6123
1776591354.2803166,152.38,20.73,30.56,10.5,1,67,45.8,7463,6123
1776591354.3104346,157.34,19.99,28.33,10.5,1,67,45.8,7463,6123
1776591354.3407028,153.8,20.14,28.38,10.5,1,67,45.8,7463,6123
1776591354.3708878,168.22,19.79,28.43,10.5,2,67,45.8,7463,6123
1776591354.4011571,163.47,19.61,28.54,10.5,1,67,45.8,7463,6123
1776591354.430835,159.96,19.47,27.98,10.5,1,67,45.8,7463,6123
1776591354.461609,158.28,20.18,28.98,10.5,2,67,45.8,7463,6123
1776591354.4917467,153.11,19.66,28.39,10.4,1,67,45.8,7463,6123
1776591354.5233567,152.61,21.07,29.89,10.5,1,67,45.8,7463,6123
1776591354.5537667,165.61,19.8,28.62,10.4,1,67,45.8,7463,6123
1776591354.583781,164.06,19.75,28.38,10.5,2,67,45.8,7463,6123
1776591354.613843,160.32,19.75,28.39,10.5,1,67,45.8,7463,6123
1776591354.6442294,157.67,19.87,28.67,10.5,1,67,45.8,7463,6123
1776591354.6756496,155.22,19.99,29.75,10.4,1,67,45.8,7463,6123
1776591354.7059302,151.58,19.81,28.5,10.4,1,67,45.8,7463,6123
1776591354.7364798,165.28,19.8,28.83,10.4,1,67,45.8,7463,6123
1776591354.7666564,163.23,20.08,28.48,10.4,1,67,45.8,7463,6123
1776591354.7963653,160.06,19.55,27.91,10.4,1,67,45.8,7463,6123
1776591354.8264012,155.48,19.66,28.34,10.5,1,67,45.8,7463,6123
1776591354.8567598,154.21,19.96,28.74,10.5,1,67,45.8,7463,6123
1776591354.8862484,166.15,20.0,27.81,10.4,1,67,44.3,7423,6125
1776591354.9245903,160.48,24.68,36.7,10.4,1,67,44.3,7423,6125
1776591354.956608,167.88,21.69,29.7,10.5,1,67,44.3,7423,6125
1776591354.9866529,165.9,19.55,28.34,10.5,1,67,44.3,7423,6125
1776591355.016221,163.74,19.97,27.94,10.5,0,67,44.3,7423,6125
1776591355.0460942,157.6,19.71,27.92,10.5,1,67,44.3,7423,6125
1776591355.0755525,157.11,19.56,27.69,10.4,1,67,44.3,7423,6125
1776591355.107167,149.88,21.02,29.93,10.4,1,67,44.3,7423,6125
1776591355.137771,170.24,20.01,27.74,10.5,1,67,44.3,7423,6125
1776591355.1690621,163.97,20.47,29.64,10.5,1,67,44.3,7423,6125
1776591355.2015653,162.44,21.89,30.92,10.5,1,67,44.3,7423,6125
1776591355.2344446,160.14,22.45,31.15,10.5,1,67,44.3,7423,6125
1776591355.2638671,162.2,19.5,27.63,10.5,1,67,44.3,7423,6125
1776591355.294249,157.46,19.56,28.3,10.5,1,67,44.3,7423,6125
1776591355.324588,153.42,20.06,28.7,10.5,1,67,44.3,7423,6125
1776591355.3551128,168.99,19.87,28.69,10.4,1,67,44.3,7423,6125
1776591355.3854847,164.16,19.7,28.67,10.5,2,67,44.3,7423,6125
1776591355.4155202,163.25,19.81,28.33,10.5,1,67,44.3,7423,6125
1776591355.445985,158.98,19.63,28.27,10.5,2,67,44.3,7423,6125
1776591355.475782,157.12,19.49,28.0,10.5,1,67,44.3,7423,6125
1776591355.5060663,151.47,19.91,28.58,10.4,1,67,44.3,7423,6125
1776591355.5387323,167.24,20.32,30.61,10.5,1,67,44.3,7423,6125
1776591355.5689466,166.07,19.76,27.99,10.5,1,67,44.3,7423,6125
1776591355.5987146,163.08,19.79,28.15,10.5,1,67,44.3,7423,6125
1776591355.6287496,159.1,19.89,28.21,10.5,1,67,44.3,7423,6125
1776591355.6586447,156.77,19.36,28.14,10.4,2,67,44.3,7423,6125
1776591355.6882656,151.72,19.62,28.07,10.5,1,67,44.3,7423,6125
1776591355.7185252,165.14,19.75,28.57,10.5,1,67,44.3,7423,6125
1776591355.7491345,161.81,19.87,29.02,10.5,2,67,44.3,7423,6125
1776591355.7793295,158.18,19.43,28.53,10.4,1,67,44.3,7423,6125
1776591355.808943,156.61,19.73,27.77,10.5,1,67,44.3,7423,6125
1776591355.838511,153.74,19.7,27.79,10.5,1,67,44.3,7423,6125
1776591355.868168,166.38,19.69,27.88,10.5,1,67,44.3,7423,6125
1776591355.8986664,161.03,20.57,28.83,10.5,1,78,45.8,7475,6125
1776591355.9291012,158.94,19.81,28.73,10.5,0,78,45.8,7475,6125
1776591355.9599714,157.36,20.03,29.06,10.5,1,78,45.8,7475,6125
1776591355.9930165,155.1,21.17,31.28,10.5,0,78,45.8,7475,6125
1776591356.0276392,153.6,21.12,32.55,10.5,1,78,45.8,7475,6125
1776591356.0623953,155.93,22.85,32.71,10.5,1,78,45.8,7475,6125
1776591356.0932906,156.89,19.89,28.76,10.4,1,78,45.8,7475,6125
1776591356.1253397,154.74,20.65,29.62,10.5,1,78,45.8,7475,6125
1776591356.1565206,151.71,21.09,29.49,10.5,1,78,45.8,7475,6125
1776591356.187212,150.47,19.88,28.73,10.5,1,78,45.8,7475,6125
1776591356.218271,165.87,20.15,29.37,10.5,1,78,45.8,7475,6125
1776591356.2502463,162.53,21.37,30.25,10.4,0,78,45.8,7475,6125
1776591356.284726,160.24,20.97,32.13,10.5,1,78,45.8,7475,6125
1776591356.3210843,163.56,23.47,34.23,10.5,1,78,45.8,7475,6125
1776591356.3552604,150.53,21.87,30.19,10.4,1,78,45.8,7475,6125
1776591356.390732,148.32,21.88,31.79,10.5,0,78,45.8,7475,6125
1776591356.4240282,148.61,20.03,31.36,10.4,0,78,45.8,7475,6125
1776591356.4535453,153.01,19.78,27.79,10.5,2,78,45.8,7475,6125
1776591356.483919,164.59,20.09,28.79,10.4,2,78,45.8,7475,6125
1776591356.5141363,163.63,19.68,28.54,10.4,0,78,45.8,7475,6125
1776591356.5439904,159.35,19.97,28.19,10.5,1,78,45.8,7475,6125
1776591356.5758963,155.92,20.28,30.14,10.4,2,78,45.8,7475,6125
1776591356.610564,156.91,22.23,32.05,10.5,1,78,45.8,7475,6125
1776591356.6424003,155.57,19.91,29.51,10.5,1,78,45.8,7475,6125
1776591356.67285,154.35,19.95,28.77,10.5,1,78,45.8,7475,6125
1776591356.70417,166.59,19.97,29.15,10.5,1,78,45.8,7475,6125
1776591356.7353477,163.91,20.58,29.07,10.5,2,78,45.8,7475,6125
1776591356.7657113,163.4,20.59,28.66,10.5,1,78,45.8,7475,6125
1776591356.7964828,160.9,19.55,28.97,10.4,0,78,45.8,7475,6125
1776591356.8275878,158.13,19.88,29.39,10.4,1,78,45.8,7475,6125
1776591356.8577526,155.35,19.87,28.31,10.4,1,78,45.8,7475,6125
1776591356.8873088,152.22,19.65,27.66,10.5,0,62,42.7,7463,6125
1776591356.9191449,164.21,20.36,29.98,10.5,1,62,42.7,7463,6125
1776591356.952512,165.22,20.95,30.98,10.5,1,62,42.7,7463,6125
1776591356.9854271,163.17,21.22,31.22,10.5,1,62,42.7,7463,6125
1776591357.0181937,163.19,21.23,31.06,10.5,1,62,42.7,7463,6125
1776591357.0517986,162.58,22.35,31.89,10.5,1,62,42.7,7463,6125
1776591357.0853868,162.92,20.88,31.34,10.5,2,62,42.7,7463,6125
1776591357.116783,165.83,20.96,29.72,10.4,2,62,42.7,7463,6125
1776591357.146732,160.48,19.94,28.24,10.5,1,62,42.7,7463,6125
1776591357.1772897,158.26,19.77,28.7,10.5,2,62,42.7,7463,6125
1776591357.207547,155.77,19.87,28.5,10.4,1,62,42.7,7463,6125
1776591357.2378402,152.8,20.1,28.39,10.5,0,62,42.7,7463,6125
1776591357.2681854,161.39,19.64,28.42,10.5,1,62,42.7,7463,6125
1776591357.2988584,163.95,20.44,29.01,10.5,1,62,42.7,7463,6125
1776591357.3290985,159.89,19.83,28.4,10.5,0,62,42.7,7463,6125
1776591357.3607907,156.95,21.47,29.97,10.4,1,62,42.7,7463,6125
1776591357.3921945,155.97,19.97,29.41,10.5,1,62,42.7,7463,6125
1776591357.423294,170.06,19.97,29.17,10.5,1,62,42.7,7463,6125
1776591357.4536726,168.05,20.27,28.56,10.5,1,62,42.7,7463,6125
1776591357.4850004,166.04,20.38,29.47,10.4,2,62,42.7,7463,6125
1776591357.5158205,164.11,20.29,29.11,10.5,1,62,42.7,7463,6125
1776591357.5467463,163.57,19.89,29.03,10.5,1,62,42.7,7463,6125
1776591357.5767426,155.71,19.57,28.31,10.5,1,62,42.7,7463,6125
1776591357.6068518,172.29,19.97,28.41,10.5,1,62,42.7,7463,6125
1776591357.6380074,152.54,19.83,29.03,10.4,1,62,42.7,7463,6125
1776591357.6706913,165.99,21.07,30.59,10.5,1,62,42.7,7463,6125
1776591357.7029912,164.5,20.48,29.81,10.5,1,62,42.7,7463,6125
1776591357.738036,163.59,22.28,33.15,10.4,2,62,42.7,7463,6125
1776591357.7705345,162.89,20.34,29.72,10.5,0,62,42.7,7463,6125
1776591357.8040295,168.02,20.62,30.24,10.5,1,62,42.7,7463,6125
1776591357.8401217,165.46,22.2,33.79,10.5,1,62,42.7,7463,6125
1776591357.8747702,170.97,20.9,31.89,10.4,1,62,42.7,7463,6125
1776591357.9104836,153.52,21.12,33.33,10.5,2,40,44.3,7435,6124
1776591357.9439223,154.7,20.67,31.35,10.4,2,40,44.3,7435,6124
1776591357.9775054,157.2,21.43,31.68,10.5,2,40,44.3,7435,6124
1776591358.009563,151.88,20.03,30.13,10.4,1,40,44.3,7435,6124
1776591358.0412264,154.99,20.01,29.61,10.4,1,40,44.3,7435,6124
1776591358.0756958,149.12,20.98,32.16,10.5,1,40,44.3,7435,6124
1776591358.1108966,153.59,21.23,32.59,10.4,2,40,44.3,7435,6124
1776591358.141347,155.45,20.1,28.67,10.4,1,40,44.3,7435,6124
1776591358.1734293,154.92,19.94,29.56,10.5,0,40,44.3,7435,6124
1776591358.2074878,151.49,20.68,31.04,10.5,0,40,44.3,7435,6124
1776591358.2387424,150.41,20.45,29.34,10.5,1,40,44.3,7435,6124
1776591358.2691622,151.11,19.76,28.07,10.5,2,40,44.3,7435,6124
1776591358.2995937,164.48,20.04,28.67,10.5,1,40,44.3,7435,6124
1776591358.3306384,160.91,20.76,29.38,10.5,1,40,44.3,7435,6124
1776591358.359852,158.82,19.57,27.5,10.5,1,40,44.3,7435,6124
1776591358.3901725,156.86,19.85,28.46,10.5,1,40,44.3,7435,6124
1776591358.4210486,153.48,19.94,29.06,10.5,1,40,44.3,7435,6124
1776591358.4513059,152.27,20.16,28.54,10.5,2,40,44.3,7435,6124
1776591358.481878,162.81,20.09,28.85,10.5,1,40,44.3,7435,6124
1776591358.511742,161.78,19.99,28.15,10.5,1,40,44.3,7435,6124
1776591358.542366,158.11,19.85,28.5,10.5,1,40,44.3,7435,6124
1776591358.572712,154.6,20.08,28.26,10.5,1,40,44.3,7435,6124
1776591358.6036422,166.28,20.19,28.99,10.5,1,40,44.3,7435,6124
1776591358.6341324,163.07,20.18,28.78,10.5,1,40,44.3,7435,6124
1776591358.6640718,163.01,19.76,28.26,10.6,1,40,44.3,7435,6124
1776591358.6951914,157.42,19.78,29.23,9.6,2,40,44.3,7435,6124
1776591358.7260835,156.37,19.86,29.01,8.0,2,40,44.3,7435,6124
1776591358.7592497,153.34,20.51,31.42,6.9,2,40,44.3,7435,6124
1776591358.7930703,154.57,20.45,31.27,6.2,1,40,44.3,7435,6124
1776591358.825581,154.86,20.64,30.26,6.1,1,40,44.3,7435,6124
1776591358.856591,169.37,20.84,29.22,6.2,0,40,44.3,7435,6124
1776591358.8853512,152.42,19.47,27.0,6.7,1,40,44.3,7435,6124
1776591358.9153955,164.72,20.47,28.44,6.7,1,37,46.0,7542,6122
1776591358.9448555,161.95,19.63,27.8,6.7,1,37,46.0,7542,6122
1776591358.9746044,156.46,20.04,27.89,6.9,1,37,46.0,7542,6122
1776591359.004576,149.89,19.87,27.99,6.8,1,37,46.0,7542,6122
1776591359.0350497,165.04,20.48,28.57,6.7,1,37,46.0,7542,6122
1776591359.0666552,162.96,21.31,29.83,6.5,1,37,46.0,7542,6122
1776591359.0963476,162.77,19.89,28.04,6.3,1,37,46.0,7542,6122
1776591359.1257367,154.39,19.62,27.76,6.3,1,37,46.0,7542,6122
1776591359.1563897,156.74,20.13,28.6,6.0,0,37,46.0,7542,6122
1776591359.1918242,168.8,23.2,33.57,5.9,0,37,46.0,7542,6122
1776591359.2263691,152.97,21.28,32.39,5.9,0,37,46.0,7542,6122
1776591359.2573814,152.75,20.76,28.96,5.9,0,37,46.0,7542,6122
1776591359.2861404,152.89,19.47,27.02,5.9,0,37,46.0,7542,6122
1776591359.3156652,144.37,19.77,27.83,5.9,0,37,46.0,7542,6122
1776591359.3478992,160.51,21.2,30.57,5.9,0,37,46.0,7542,6122
1776591359.376885,160.31,20.5,26.67,6.0,0,37,46.0,7542,6122
1776591359.4063692,156.39,19.7,27.63,6.1,0,37,46.0,7542,6122
1776591359.4362066,153.22,19.87,27.9,6.0,0,37,46.0,7542,6122
1776591359.466013,165.33,20.31,28.07,6.0,0,37,46.0,7542,6122
1776591359.4955628,160.69,19.69,27.95,6.0,0,37,46.0,7542,6122
1776591359.5234315,158.94,19.82,26.04,5.8,0,37,46.0,7542,6122
1776591359.5536902,154.21,19.9,27.82,5.8,0,37,46.0,7542,6122
1776591359.5838048,166.65,19.69,28.0,5.8,0,37,46.0,7542,6122
1776591359.6149685,162.54,22.54,29.55,5.7,0,37,46.0,7542,6122
1776591359.642117,160.64,20.09,25.47,5.7,0,37,46.0,7542,6122
1776591359.6719751,155.47,19.86,27.93,5.9,0,37,46.0,7542,6122
1776591359.7021182,151.83,20.04,28.11,5.9,0,37,46.0,7542,6122
1776591359.7320235,163.15,20.1,28.21,5.9,0,37,46.0,7542,6122
1776591359.7591252,161.24,19.7,25.17,6.0,0,37,46.0,7542,6122
1776591359.78902,156.4,20.01,28.01,6.1,0,37,46.0,7542,6122
1776591359.8158083,150.27,19.55,25.06,6.5,0,37,46.0,7542,6122
1776591359.8452382,163.14,20.38,27.36,6.5,0,37,46.0,7542,6122
1776591359.875442,157.29,21.07,28.51,6.5,0,37,46.0,7542,6122
1776591359.9067552,154.6,21.63,29.07,6.5,0,12,45.2,7542,6123
1776591359.9368796,152.0,20.96,28.15,6.5,0,12,45.2,7542,6123
1776591359.9666243,167.62,21.66,27.9,6.6,0,12,45.2,7542,6123
1776591359.997046,158.18,21.87,28.24,6.6,0,12,45.2,7542,6123
1776591360.0257874,161.26,19.73,26.47,6.6,0,12,45.2,7542,6123
1776591360.0573125,154.46,22.85,29.73,6.6,0,12,45.2,7542,6123
1776591360.0868766,154.58,20.37,27.43,6.5,0,12,45.2,7542,6123
1776591360.1160095,167.96,20.56,26.54,6.5,0,12,45.2,7542,6123
1776591360.1449842,160.28,20.68,27.27,6.5,0,12,45.2,7542,6123
1776591360.172342,159.21,19.74,25.06,6.5,0,12,45.2,7542,6123
1776591360.1999488,169.69,19.86,25.88,6.6,0,12,45.2,7542,6123
1776591360.2299628,160.38,21.69,28.29,6.4,0,12,45.2,7542,6123
1776591360.256769,159.34,19.46,24.96,6.4,0,12,45.2,7542,6123
1776591360.2840257,151.07,19.62,25.41,6.4,0,12,45.2,7542,6123
1776591360.3134356,163.54,20.91,27.77,6.4,0,12,45.2,7542,6123
1776591360.3451207,157.79,21.0,29.89,6.4,0,12,45.2,7542,6123
1776591360.3732615,157.35,19.58,26.09,6.4,0,12,45.2,7542,6123
1776591360.4037285,153.27,20.52,28.48,6.4,0,12,45.2,7542,6123
1776591360.4340155,165.21,20.75,28.55,6.5,0,12,45.2,7542,6123
1776591360.460989,162.42,19.76,25.26,6.5,0,12,45.2,7542,6123
1776591360.4902065,157.12,19.77,27.48,6.5,0,12,45.2,7542,6123
1776591360.5177093,149.44,19.54,25.45,6.5,0,12,45.2,7542,6123
1776591360.5465155,165.13,20.95,26.84,6.5,0,12,45.2,7542,6123
1776591360.5739493,158.52,20.32,25.66,6.5,0,12,45.2,7542,6123
1776591360.6008744,154.25,19.32,25.01,6.4,0,12,45.2,7542,6123
1776591360.6298718,161.58,20.23,27.13,6.4,0,12,45.2,7542,6123
1776591360.6579092,160.86,20.14,25.96,6.4,0,12,45.2,7542,6123
1776591360.684271,156.04,19.28,24.58,6.4,0,12,45.2,7542,6123
1776591360.7118258,163.77,19.84,25.73,6.4,0,12,45.2,7542,6123
1776591360.7385616,158.72,19.54,24.98,6.3,0,12,45.2,7542,6123
1776591360.766218,166.88,19.91,25.88,6.4,0,12,45.2,7542,6123
1776591360.7940755,163.07,20.59,26.2,6.4,0,12,45.2,7542,6123
1776591360.8208957,153.09,19.31,25.04,6.5,0,12,45.2,7542,6123
1776591360.8490603,167.99,19.95,26.27,6.4,0,12,45.2,7542,6123
1776591360.876448,164.02,19.99,25.82,6.4,0,12,45.2,7542,6123
1776591360.9032454,155.56,19.55,25.24,6.4,0,12,45.2,7542,6123
1776591360.9313858,163.06,20.38,26.21,6.4,0,73,44.3,7502,6126
1776591360.9606354,161.51,21.31,27.38,6.5,0,73,44.3,7502,6126
1776591360.9878378,157.01,19.85,25.5,6.5,0,73,44.3,7502,6126
1776591361.015266,166.84,19.8,25.39,6.5,0,73,44.3,7502,6126
1776591361.0434294,162.89,20.25,26.27,6.5,0,73,44.3,7502,6126
1776591361.0706522,156.03,19.87,25.4,6.5,0,73,44.3,7502,6126
1776591361.0987978,167.56,20.09,26.16,6.5,0,73,44.3,7502,6126
1776591361.127062,162.67,20.09,26.49,6.4,0,73,44.3,7502,6126
1776591361.1548069,156.67,19.55,25.5,6.4,0,73,44.3,7502,6126
1776591361.1821635,150.19,19.76,25.3,6.3,0,73,44.3,7502,6126
1776591361.2090101,163.56,19.49,25.25,6.4,0,73,44.3,7502,6126
1776591361.2366185,150.04,19.7,25.73,6.4,0,73,44.3,7502,6126
1776591361.26806,164.34,20.79,29.66,6.3,0,73,44.3,7502,6126
1776591361.3004804,167.54,21.08,29.8,6.2,0,73,44.3,7502,6126
1776591361.3303254,163.37,21.72,27.83,6.3,0,73,44.3,7502,6126
1776591361.3589792,159.6,20.46,26.85,6.2,0,73,44.3,7502,6126
1776591361.38651,154.97,20.02,25.78,6.2,0,73,44.3,7502,6126
1776591361.414629,167.6,19.94,25.88,6.2,0,73,44.3,7502,6126
1776591361.4425902,160.9,20.32,26.19,6.1,0,73,44.3,7502,6126
1776591361.470228,156.27,19.69,25.07,6.1,0,73,44.3,7502,6126
1776591361.4982064,149.57,20.39,25.95,6.1,0,73,44.3,7502,6126
1776591361.5285575,158.8,20.8,28.72,6.2,0,73,44.3,7502,6126
1776591361.5559032,155.44,19.71,25.3,6.3,0,73,44.3,7502,6126
1776591361.583642,150.35,20.31,25.81,6.4,0,73,44.3,7502,6126
1776591361.6119106,163.13,20.29,26.54,6.4,0,73,44.3,7502,6126
1776591361.6397538,161.34,19.43,25.3,6.5,0,73,44.3,7502,6126
1776591361.668627,171.16,20.72,27.02,6.4,0,73,44.3,7502,6126
1776591361.6973283,168.08,20.23,26.34,6.4,0,73,44.3,7502,6126
1776591361.7258155,159.05,20.34,26.5,6.5,0,73,44.3,7502,6126
1776591361.7544107,156.0,20.05,26.49,6.6,0,73,44.3,7502,6126
1776591361.7826567,168.69,20.56,26.2,6.5,0,73,44.3,7502,6126
1776591361.8102398,163.77,19.79,25.64,6.6,0,73,44.3,7502,6126
1776591361.8383021,157.09,20.03,26.17,6.5,0,73,44.3,7502,6126
1776591361.869317,168.47,21.47,28.64,6.6,0,73,44.3,7502,6126
1776591361.8991742,166.65,21.43,28.05,6.6,0,73,44.3,7502,6126
1776591361.9297917,158.84,21.33,28.57,6.5,0,56,45.3,7463,6129
1776591361.9582486,158.56,20.5,26.68,6.5,0,56,45.3,7463,6129
1776591361.9874012,155.15,20.11,27.14,6.5,0,56,45.3,7463,6129
1776591362.020331,148.63,21.04,30.74,6.6,0,56,45.3,7463,6129
1776591362.0543847,167.75,21.32,31.93,6.6,0,56,45.3,7463,6129
1776591362.0834777,152.63,21.14,26.81,6.6,0,56,45.3,7463,6129
1776591362.1112823,162.73,20.27,26.04,6.5,0,56,45.3,7463,6129
1776591362.1398184,156.51,20.47,26.62,6.5,0,56,45.3,7463,6129
1776591362.1687675,169.59,20.33,27.25,6.5,0,56,45.3,7463,6129
1776591362.1976233,165.13,20.12,27.04,6.5,0,56,45.3,7463,6129
1776591362.2260568,161.81,20.75,26.84,6.5,0,56,45.3,7463,6129
1776591362.257423,155.49,21.14,29.58,6.5,0,56,45.3,7463,6129
1776591362.285727,153.19,19.54,26.25,6.5,0,56,45.3,7463,6129
1776591362.31409,167.09,20.26,26.03,6.6,0,56,45.3,7463,6129
1776591362.3423846,161.15,20.97,26.68,6.6,0,56,45.3,7463,6129
1776591362.369112,153.93,19.45,24.82,6.6,0,56,45.3,7463,6129
1776591362.396182,166.41,20.08,25.45,6.5,0,56,45.3,7463,6129
1776591362.424911,157.54,19.75,26.81,6.5,0,56,45.3,7463,6129
1776591362.4573548,157.41,22.44,28.88,6.5,0,56,45.3,7463,6129
1776591362.4848187,155.2,20.18,25.76,6.5,0,56,45.3,7463,6129
1776591362.5113976,167.43,19.51,24.79,6.5,0,56,45.3,7463,6129
1776591362.5381532,157.15,19.61,25.1,6.5,0,56,45.3,7463,6129
1776591362.565143,166.1,19.42,25.21,6.6,0,56,45.3,7463,6129
1776591362.5950167,164.43,21.37,28.16,6.5,0,56,45.3,7463,6129
1776591362.6238005,160.82,20.47,27.12,6.4,0,56,45.3,7463,6129
1776591362.6526494,154.62,20.44,27.07,6.3,0,56,45.3,7463,6129
1776591362.6829352,167.75,20.44,27.02,6.3,0,56,45.3,7463,6129
1776591362.7116923,164.93,20.95,26.83,6.5,0,56,45.3,7463,6129
1776591362.741281,160.11,20.72,27.83,6.3,0,56,45.3,7463,6129
1776591362.7698827,155.53,20.22,26.91,6.1,0,56,45.3,7463,6129
1776591362.8000202,153.07,20.41,27.62,6.2,0,56,45.3,7463,6129
1776591362.8280623,163.97,20.28,26.16,6.1,0,56,45.3,7463,6129
1776591362.8550658,158.99,19.68,25.21,6.1,0,56,45.3,7463,6129
1776591362.883426,154.75,20.24,26.33,6.2,0,56,45.3,7463,6129
1776591362.9119477,166.48,20.42,26.49,6.2,0,56,45.3,7463,6129
1776591362.9391549,158.19,19.71,25.42,6.2,0,49,45.5,7463,6129
1776591362.9677553,152.44,20.01,26.6,6.2,0,49,45.5,7463,6129
1776591362.9977436,165.04,20.88,28.07,6.3,0,49,45.5,7463,6129
1776591363.0268607,163.73,20.9,27.24,6.2,0,49,45.5,7463,6129
1776591363.0563693,157.76,20.78,27.28,6.1,0,49,45.5,7463,6129
1776591363.0838816,154.28,19.63,25.25,6.2,0,49,45.5,7463,6129
1776591363.1117854,166.84,19.98,26.05,6.2,0,49,45.5,7463,6129
1776591363.138996,159.28,19.71,25.36,6.2,0,49,45.5,7463,6129
1776591363.1665125,153.89,20.02,25.69,6.1,0,49,45.5,7463,6129
1776591363.1941583,163.05,20.63,25.89,6.1,0,49,45.5,7463,6129
1776591363.221076,156.93,19.48,25.3,6.0,0,49,45.5,7463,6129
1776591363.24956,150.49,19.6,26.65,6.0,0,49,45.5,7463,6129
1776591363.2789924,164.76,21.15,27.18,5.9,0,49,45.5,7463,6129
1776591363.3078282,158.71,20.9,26.97,5.8,0,49,45.5,7463,6129
1776591363.3369305,154.0,20.15,27.04,5.9,0,49,45.5,7463,6129
1776591363.365405,168.07,20.95,26.55,5.9,0,49,45.5,7463,6129
1776591363.3940623,164.55,21.37,27.1,6.0,0,49,45.5,7463,6129
1776591363.4208426,154.92,19.51,25.02,6.0,0,49,45.5,7463,6129
1776591363.448528,153.32,20.06,25.78,6.1,0,49,45.5,7463,6129
1776591363.476087,163.57,20.28,25.85,6.2,0,49,45.5,7463,6129
1776591363.503053,156.61,19.42,25.03,6.2,0,49,45.5,7463,6129
1776591363.5306063,167.29,19.97,25.5,6.3,0,49,45.5,7463,6129
1776591363.5578642,163.42,19.81,25.49,6.3,0,49,45.5,7463,6129
1776591363.587498,157.71,20.63,26.72,6.2,0,49,45.5,7463,6129
1776591363.618875,152.09,22.57,28.77,6.2,0,49,45.5,7463,6129
1776591363.6497426,149.61,22.52,27.96,6.2,0,49,45.5,7463,6129
1776591363.6808226,163.92,23.43,29.52,6.3,0,49,45.5,7463,6129
1776591363.7088497,160.52,20.92,26.39,6.1,0,49,45.5,7463,6129
1776591363.7353015,152.5,19.27,24.7,6.1,0,49,45.5,7463,6129
1776591363.7626796,151.25,19.79,25.29,5.9,0,49,45.5,7463,6129
1776591363.7927222,161.5,22.74,28.26,5.9,0,49,45.5,7463,6129
1776591363.820658,158.09,19.73,25.89,5.8,0,49,45.5,7463,6129
1776591363.8486266,152.59,19.81,26.02,5.8,0,49,45.5,7463,6129
1776591363.8779237,163.66,20.46,27.3,5.7,0,49,45.5,7463,6129
1776591363.9056733,159.25,19.51,25.89,5.6,0,49,45.5,7463,6129
1776591363.9322243,154.26,19.41,24.78,5.6,0,49,45.5,7463,6129
1776591363.9599297,163.44,20.3,25.93,5.6,0,26,44.8,7581,6132
1776591363.9876616,153.46,19.81,26.02,5.5,0,26,44.8,7581,6132
1776591364.0153263,170.15,19.98,25.71,5.5,0,26,44.8,7581,6132
1776591364.0444574,166.73,20.47,27.49,5.5,0,26,44.8,7581,6132
1776591364.075598,162.5,21.09,27.79,5.5,0,26,44.8,7581,6132
1776591364.105401,155.73,20.78,27.57,5.6,0,26,44.8,7581,6132
1776591364.134751,154.17,20.15,27.5,5.5,0,26,44.8,7581,6132
1776591364.1640234,168.47,20.59,26.41,5.6,0,26,44.8,7581,6132
1776591364.1936057,161.2,21.01,27.78,5.6,0,26,44.8,7581,6132
1776591364.2236629,158.5,20.13,28.32,5.7,0,26,44.8,7581,6132
1776591364.2529428,155.6,20.45,27.5,5.6,0,26,44.8,7581,6132
1776591364.2815762,153.16,21.11,26.62,5.6,0,26,44.8,7581,6132
1776591364.309925,163.35,19.86,26.72,5.6,0,26,44.8,7581,6132
1776591364.3373928,154.6,20.26,25.71,5.6,0,26,44.8,7581,6132
1776591364.3658068,150.61,20.84,26.79,5.7,0,26,44.8,7581,6132
1776591364.3957987,165.29,20.68,27.9,5.7,0,26,44.8,7581,6132
1776591364.4268768,159.79,22.47,28.64,5.7,0,26,44.8,7581,6132
1776591364.454468,158.21,19.63,25.62,5.8,0,26,44.8,7581,6132
1776591364.4826512,152.13,19.34,26.59,5.8,0,26,44.8,7581,6132
1776591364.5107553,165.86,20.45,26.37,5.7,0,26,44.8,7581,6132
1776591364.5390086,160.47,19.93,25.44,5.7,0,26,44.8,7581,6132
1776591364.5673568,173.46,20.29,26.16,5.9,0,26,44.8,7581,6132
1776591364.5950787,167.2,19.97,25.73,5.9,0,26,44.8,7581,6132
1776591364.6228104,156.99,20.19,26.0,6.0,0,26,44.8,7581,6132
1776591364.6502137,155.77,19.75,25.58,6.0,0,26,44.8,7581,6132
1776591364.6784325,164.18,20.36,26.55,6.0,0,26,44.8,7581,6132
1776591364.706623,160.58,20.05,25.97,6.0,0,26,44.8,7581,6132
1776591364.734103,156.22,19.75,25.62,6.3,0,26,44.8,7581,6132
1776591364.7622447,163.37,20.26,26.1,6.3,0,26,44.8,7581,6132
1776591364.790375,161.34,20.29,26.42,6.3,0,26,44.8,7581,6132
1776591364.8171973,155.5,19.35,25.12,6.4,0,26,44.8,7581,6132
1776591364.8452423,165.98,20.26,26.18,6.4,0,26,44.8,7581,6132
1776591364.8725867,161.51,19.54,25.56,6.4,0,26,44.8,7581,6132
1776591364.901439,150.94,20.67,26.46,6.4,0,26,44.8,7581,6132
1776591364.9311273,166.52,21.87,27.93,6.4,0,26,44.8,7581,6132
1776591364.9583495,164.65,19.79,25.47,6.5,0,77,43.7,7502,6132
1776591364.9850698,155.59,19.4,25.07,6.5,0,77,43.7,7502,6132
1776591365.0119848,167.3,19.68,25.22,6.6,0,77,43.7,7502,6132
1776591365.0384622,160.91,19.42,24.75,6.4,0,77,43.7,7502,6132
1776591365.0658891,150.18,19.69,25.5,6.5,0,77,43.7,7502,6132
1776591365.0937908,165.56,20.51,26.28,6.5,0,77,43.7,7502,6132
1776591365.121036,159.17,19.56,25.48,6.5,0,77,43.7,7502,6132
1776591365.1480613,153.81,19.54,24.91,6.5,0,77,43.7,7502,6132
1776591365.1746798,163.16,19.6,25.01,6.5,0,77,43.7,7502,6132
1776591365.2010846,156.81,19.22,24.68,6.5,0,77,43.7,7502,6132
1776591365.2288635,166.15,20.1,25.93,6.5,0,77,43.7,7502,6132
1776591365.256483,161.52,19.74,25.46,6.5,0,77,43.7,7502,6132
1776591365.2851834,155.39,21.22,27.01,6.5,0,77,43.7,7502,6132
1776591365.312268,167.0,19.67,25.44,6.5,0,77,43.7,7502,6132
1776591365.3393323,162.52,19.57,25.42,6.5,0,77,43.7,7502,6132
1776591365.3666582,155.01,19.8,25.59,6.5,0,77,43.7,7502,6132
1776591365.3933182,165.35,19.84,24.98,6.5,0,77,43.7,7502,6132
1776591365.4205348,159.92,19.96,25.57,6.5,0,77,43.7,7502,6132
1776591365.4477842,168.87,19.86,25.68,6.5,0,77,43.7,7502,6132
1776591365.4743774,163.17,19.5,24.82,6.4,0,77,43.7,7502,6132
1776591365.5009396,154.83,19.17,24.85,6.4,0,77,43.7,7502,6132
1776591365.5292368,168.02,21.24,26.6,6.4,0,77,43.7,7502,6132
1776591365.5563958,159.74,19.65,25.55,6.4,0,77,43.7,7502,6132
1776591365.5834363,156.74,19.52,25.4,6.3,0,77,43.7,7502,6132
1776591365.6113353,165.05,19.75,25.37,6.5,0,77,43.7,7502,6132
1776591365.6388566,158.26,19.7,25.82,6.2,0,77,43.7,7502,6132
1776591365.6665332,153.57,19.99,25.81,6.3,0,77,43.7,7502,6132
1776591365.6945395,148.46,19.47,26.04,6.2,0,77,43.7,7502,6132
1776591365.7218711,161.95,19.67,25.42,6.1,0,77,43.7,7502,6132
1776591365.7504992,152.82,20.16,26.53,6.0,0,77,43.7,7502,6132
1776591365.7797432,168.68,20.64,26.87,5.9,0,77,43.7,7502,6132
1776591365.808234,163.41,20.22,26.15,5.8,0,77,43.7,7502,6132
1776591365.8350072,155.8,19.33,24.86,5.7,0,77,43.7,7502,6132
1776591365.8624334,170.36,19.73,25.33,5.6,0,77,43.7,7502,6132
1776591365.889558,161.1,19.92,25.67,5.5,0,77,43.7,7502,6132
1776591365.9163346,156.07,19.45,24.89,5.4,0,77,43.7,7502,6132
1776591365.9484024,169.34,21.73,27.65,5.4,0,77,43.7,7502,6132
1776591365.9763572,164.98,20.54,26.25,5.4,0,78,44.3,7502,6132
1776591366.0036988,158.3,19.49,24.88,5.4,0,78,44.3,7502,6132
1776591366.0302038,153.56,19.62,24.75,5.4,0,78,44.3,7502,6132
1776591366.059891,163.96,22.76,28.06,5.4,0,78,44.3,7502,6132
1776591366.0866277,159.68,19.44,25.08,5.4,0,78,44.3,7502,6132
1776591366.113636,154.01,19.36,25.04,5.5,0,78,44.3,7502,6132
1776591366.140367,163.71,19.31,24.97,5.3,0,78,44.3,7502,6132
1776591366.1665154,157.15,19.06,24.49,5.3,0,78,44.3,7502,6132
1776591366.193199,166.83,19.41,25.07,5.3,0,78,44.3,7502,6132
1776591366.2196815,160.07,19.35,24.89,5.3,0,78,44.3,7502,6132
1776591366.2462568,152.87,19.34,24.96,5.3,0,78,44.3,7502,6132
1776591366.2732549,162.61,19.21,25.22,5.3,0,78,44.3,7502,6132
1776591366.3001268,151.01,19.59,25.11,5.2,0,78,44.3,7502,6132
1776591366.3271587,167.33,19.75,25.29,5.2,0,78,44.3,7502,6132
1776591366.3532047,159.21,19.41,24.39,5.1,0,78,44.3,7502,6132
1776591366.38008,169.52,19.71,25.29,5.1,0,78,44.3,7502,6132
1776591366.4088562,163.59,21.13,27.12,5.0,0,78,44.3,7502,6132
1776591366.4375515,159.8,20.29,26.2,5.0,0,78,44.3,7502,6132
1776591366.4651582,153.75,19.33,25.91,5.0,0,78,44.3,7502,6132
1776591366.4932504,163.62,20.15,26.11,5.1,0,78,44.3,7502,6132
1776591366.5204396,151.31,19.67,25.49,5.0,0,78,44.3,7502,6132
1776591366.5475516,147.43,20.25,25.39,5.1,0,78,44.3,7502,6132
1776591366.5757532,163.93,20.03,26.47,5.1,0,78,44.3,7502,6132
1776591366.602157,160.9,19.28,24.55,5.2,0,78,44.3,7502,6132
1776591366.6297364,167.53,19.73,25.77,5.2,0,78,44.3,7502,6132
1776591366.6572137,163.18,20.19,25.81,5.3,0,78,44.3,7502,6132
1776591366.684339,159.06,19.55,25.35,5.3,0,78,44.3,7502,6132
1776591366.7122204,168.56,20.23,25.99,5.3,0,78,44.3,7502,6132
1776591366.739124,162.01,19.67,25.21,5.4,0,78,44.3,7502,6132
1776591366.7663736,156.69,19.67,25.42,5.4,0,78,44.3,7502,6132
1776591366.7936642,165.13,20.07,25.62,5.5,0,78,44.3,7502,6132
1776591366.820369,159.26,19.73,25.03,5.5,0,78,44.3,7502,6132
1776591366.8498266,154.58,21.74,27.37,5.5,0,78,44.3,7502,6132
1776591366.8794947,165.99,20.43,26.69,5.5,0,78,44.3,7502,6132
1776591366.9098015,163.66,21.08,27.61,5.5,0,78,44.3,7502,6132
1776591366.94072,160.82,21.22,28.1,5.5,0,78,44.3,7502,6132
1776591366.9707928,158.37,21.88,27.68,5.4,0,50,42.7,7502,6133
1776591367.001806,168.66,20.43,28.64,5.4,0,50,42.7,7502,6133
1776591367.031779,151.82,20.55,27.3,5.5,0,50,42.7,7502,6133
1776591367.062697,163.92,20.96,28.3,5.5,0,50,42.7,7502,6133
1776591367.0901875,161.91,20.02,25.75,5.5,0,50,42.7,7502,6133
1776591367.1174216,152.99,19.54,25.33,5.4,0,50,42.7,7502,6133
1776591367.1453884,166.54,19.89,25.8,5.5,0,50,42.7,7502,6133
1776591367.1726959,160.99,19.68,25.22,5.5,0,50,42.7,7502,6133
1776591367.1997354,155.48,19.59,25.26,5.4,0,50,42.7,7502,6133
1776591367.2270901,167.85,19.72,25.13,5.5,0,50,42.7,7502,6133
1776591367.2546055,161.02,19.93,25.65,5.4,0,50,42.7,7502,6133
1776591367.281798,154.66,19.85,25.48,5.4,0,50,42.7,7502,6133
1776591367.3104825,165.33,20.54,26.66,5.4,0,50,42.7,7502,6133
1776591367.3370445,157.87,19.14,24.82,5.4,0,50,42.7,7502,6133
1776591367.3643472,154.66,20.05,25.46,5.4,0,50,42.7,7502,6133
1776591367.3932562,165.78,20.94,27.29,5.4,0,50,42.7,7502,6133
1776591367.421016,160.91,19.71,25.99,5.5,0,50,42.7,7502,6133
1776591367.4483285,153.31,19.81,25.42,5.4,0,50,42.7,7502,6133
1776591367.475439,167.33,19.92,25.52,5.5,0,50,42.7,7502,6133
1776591367.5030549,159.58,19.85,25.9,5.5,0,50,42.7,7502,6133
1776591367.530266,154.42,19.63,25.18,5.6,0,50,42.7,7502,6133
1776591367.5578122,163.23,20.43,25.9,5.7,0,50,42.7,7502,6133
1776591367.585518,156.7,19.35,25.51,5.6,0,50,42.7,7502,6133
1776591367.612609,152.15,19.33,25.35,5.7,0,50,42.7,7502,6133
1776591367.639814,160.97,19.79,25.57,5.7,0,50,42.7,7502,6133
1776591367.6677835,155.74,19.95,26.03,5.8,0,50,42.7,7502,6133
1776591367.6954691,169.08,20.11,25.65,5.8,0,50,42.7,7502,6133
1776591367.727081,160.47,20.14,29.8,5.8,0,50,42.7,7502,6133
1776591367.7540033,159.55,19.43,25.2,5.8,0,50,42.7,7502,6133
1776591367.781836,154.16,20.99,26.18,5.8,0,50,42.7,7502,6133
1776591367.808515,165.46,19.47,25.1,5.8,0,50,42.7,7502,6133
1776591367.8356428,158.15,19.66,25.51,5.7,0,50,42.7,7502,6133
1776591367.8628385,152.31,19.49,25.31,5.6,0,50,42.7,7502,6133
1776591367.8896246,164.77,19.79,25.17,5.6,0,50,42.7,7502,6133
1776591367.9163117,156.03,19.45,25.03,5.6,0,50,42.7,7502,6133
1776591367.9463522,167.34,22.53,28.4,5.6,0,50,42.7,7502,6133
1776591367.973883,162.94,19.92,25.42,5.6,0,19,43.5,7502,6129
1776591368.0007324,158.15,19.51,25.15,5.5,0,19,43.5,7502,6129
1776591368.0288076,167.26,21.15,26.33,5.4,0,19,43.5,7502,6129
1776591368.0560327,162.18,19.63,25.64,5.2,0,19,43.5,7502,6129
1776591368.083091,158.1,19.52,25.28,5.2,0,19,43.5,7502,6129
1776591368.1108615,165.86,19.75,25.51,5.2,0,19,43.5,7502,6129
1776591368.1380212,162.15,19.55,25.46,5.1,0,19,43.5,7502,6129
1776591368.1655974,156.94,20.27,25.96,4.9,0,19,43.5,7502,6129
1776591368.193836,166.07,19.95,25.99,4.9,0,19,43.5,7502,6129
1776591368.223023,162.57,19.41,27.42,4.8,0,19,43.5,7502,6129
1776591368.251197,157.2,20.15,26.13,4.9,0,19,43.5,7502,6129
1776591368.2790565,169.6,20.16,25.86,4.9,0,19,43.5,7502,6129
1776591368.3074183,162.82,20.95,26.58,5.0,0,19,43.5,7502,6129
1776591368.3376021,155.04,20.43,28.45,5.0,0,19,43.5,7502,6129
1776591368.3650274,154.9,20.12,25.77,5.1,0,19,43.5,7502,6129
1776591368.3925421,165.26,19.77,25.49,5.3,0,19,43.5,7502,6129
1776591368.4189527,158.69,19.1,24.64,5.5,0,19,43.5,7502,6129
1776591368.447288,169.35,19.74,24.81,5.6,0,19,43.5,7502,6129
1776591368.4742765,163.84,19.96,25.13,5.8,0,19,43.5,7502,6129
1776591368.5006626,157.57,19.38,24.8,6.1,0,19,43.5,7502,6129
1776591368.5280054,168.61,19.78,25.33,6.2,0,19,43.5,7502,6129
1776591368.5548794,162.58,19.61,25.19,6.1,0,19,43.5,7502,6129
1776591368.5821254,155.92,19.77,25.36,6.0,0,19,43.5,7502,6129
1776591368.609727,165.39,19.53,25.09,6.0,0,19,43.5,7502,6129
1776591368.6366591,160.17,19.47,25.21,5.6,0,19,43.5,7502,6129
1776591368.6635673,154.92,19.7,25.24,5.3,0,19,43.5,7502,6129
1776591368.6917844,164.22,20.53,26.39,5.0,0,19,43.5,7502,6129
1776591368.7184412,157.26,19.36,24.77,4.6,0,19,43.5,7502,6129
1776591368.7457201,169.82,19.91,25.2,4.4,0,19,43.5,7502,6129
1776591368.7731378,164.61,20.55,25.78,4.0,0,19,43.5,7502,6129
1776591368.799162,156.65,19.18,24.31,4.0,0,19,43.5,7502,6129
1776591368.8265646,166.17,20.29,25.59,4.2,0,19,43.5,7502,6129
1776591368.8530915,161.44,19.65,24.79,4.4,0,19,43.5,7502,6129
1776591368.8795686,170.62,19.66,24.83,4.3,0,19,43.5,7502,6129
1776591368.906623,162.03,19.59,24.9,4.1,0,19,43.5,7502,6129
1776591368.9327655,159.59,19.41,24.45,4.2,0,19,43.5,7502,6129
1776591368.9607058,167.46,19.84,25.9,4.5,0,19,43.5,7502,6129
1776591368.9879036,160.78,19.82,25.54,5.3,0,78,43.8,7621,6134
1776591369.0152526,154.75,19.65,25.47,6.0,0,78,43.8,7621,6134
1776591369.042569,162.32,19.84,25.51,6.4,0,78,43.8,7621,6134
1776591369.0706792,164.33,20.42,26.36,6.4,0,78,43.8,7621,6134
1776591369.0970027,155.46,19.39,24.49,5.4,0,78,43.8,7621,6134
1776591369.1247523,163.53,19.99,25.82,5.1,0,78,43.8,7621,6134
1776591369.1526213,160.53,19.7,26.26,4.5,0,78,43.8,7621,6134
1776591369.1806066,168.9,19.61,26.09,4.5,0,78,43.8,7621,6134
1776591369.207625,164.4,19.45,25.09,4.5,0,78,43.8,7621,6134
1776591369.2345953,159.86,19.83,25.25,4.6,0,78,43.8,7621,6134
1776591369.2663577,156.23,20.32,29.86,5.0,0,78,43.8,7621,6134
1776591369.2933445,150.37,19.48,25.14,5.3,0,78,43.8,7621,6134
1776591369.3202827,161.61,19.24,25.12,5.3,0,78,43.8,7621,6134
1776591369.3484852,153.57,20.28,26.42,5.4,0,78,43.8,7621,6134
1776591369.3790686,167.43,21.84,28.2,5.3,0,78,43.8,7621,6134
1776591369.407353,164.28,20.36,25.74,5.4,0,78,43.8,7621,6134
1776591369.4348562,156.31,20.05,25.8,5.3,0,78,43.8,7621,6134
1776591369.461603,152.95,19.54,24.79,5.4,0,78,43.8,7621,6134
1776591369.4900298,162.76,21.65,26.89,5.4,0,78,43.8,7621,6134
1776591369.5158312,158.84,19.17,24.2,5.4,0,78,43.8,7621,6134
1776591369.544473,151.82,20.27,26.67,5.3,0,78,43.8,7621,6134
1776591369.5710075,163.74,19.62,24.71,5.4,0,78,43.8,7621,6134
1776591369.59775,156.18,19.72,25.07,5.2,0,78,43.8,7621,6134
1776591369.6244016,165.46,19.74,25.0,5.2,0,78,43.8,7621,6134
1776591369.653948,159.29,20.91,27.91,5.2,0,78,43.8,7621,6134
1776591369.6836984,157.11,20.78,27.77,5.2,0,78,43.8,7621,6134
1776591369.7140706,170.49,21.12,28.03,5.2,0,78,43.8,7621,6134
1776591369.745037,169.91,21.77,28.23,5.2,0,78,43.8,7621,6134
1776591369.7732713,162.89,21.42,26.56,5.2,0,78,43.8,7621,6134
1776591369.799482,156.68,19.18,24.59,5.3,0,78,43.8,7621,6134
1776591369.8293834,167.21,21.95,28.08,5.3,0,78,43.8,7621,6134
1776591369.8577094,165.31,20.63,26.57,5.4,0,78,43.8,7621,6134
1776591369.8849683,159.4,19.73,25.55,5.4,0,78,43.8,7621,6134
1776591369.9148803,170.42,20.5,27.39,5.4,0,78,43.8,7621,6134
1776591369.9439025,165.96,20.97,26.76,5.4,0,78,43.8,7621,6134
1776591369.9708486,161.77,19.45,25.34,5.4,0,78,43.8,7621,6134
1776591369.9977233,153.26,19.5,25.09,5.4,0,72,41.2,7581,6137
1776591370.0290325,166.43,22.25,29.48,5.3,0,72,41.2,7581,6137
1776591370.0607376,164.42,20.63,27.55,5.6,0,72,41.2,7581,6137
1776591370.0886607,157.19,20.52,26.23,5.5,0,72,41.2,7581,6137
1776591370.1160314,157.22,19.56,25.56,5.4,0,72,41.2,7581,6137
1776591370.1450064,169.47,20.91,26.74,5.6,0,72,41.2,7581,6137
1776591370.1736023,161.39,21.68,26.99,5.6,0,72,41.2,7581,6137
1776591370.200305,157.02,19.21,25.02,5.6,0,72,41.2,7581,6137
1776591370.2275174,151.11,19.49,25.2,5.5,0,72,41.2,7581,6137
1776591370.2550762,162.49,19.72,25.77,5.6,0,72,41.2,7581,6137
1776591370.2821107,158.02,19.71,25.13,5.5,0,72,41.2,7581,6137
1776591370.3094134,166.69,19.92,25.53,5.4,0,72,41.2,7581,6137
1776591370.3360403,162.09,19.53,24.96,5.5,0,72,41.2,7581,6137
1776591370.3633325,154.45,19.59,25.3,5.5,0,72,41.2,7581,6137
1776591370.3914368,165.09,20.06,26.26,5.5,0,72,41.2,7581,6137
1776591370.4180083,161.16,19.6,24.84,5.5,0,72,41.2,7581,6137
1776591370.4456408,151.96,19.52,25.71,5.3,0,72,41.2,7581,6137
1776591370.4733615,158.53,20.18,25.91,5.2,0,72,41.2,7581,6137
1776591370.5045094,159.35,20.19,29.25,5.2,0,72,41.2,7581,6137
1776591370.535778,153.57,19.84,29.46,5.2,0,72,41.2,7581,6137
1776591370.5658188,153.25,19.94,28.33,5.3,0,72,41.2,7581,6137
1776591370.5987172,166.27,20.92,31.07,5.4,0,72,41.2,7581,6137
1776591370.6346598,152.3,22.19,33.06,5.4,0,72,41.2,7581,6137
1776591370.667895,151.43,21.12,30.99,5.4,1,72,41.2,7581,6137
1776591370.7009742,152.63,21.55,30.96,5.4,0,72,41.2,7581,6137
1776591370.7356203,152.16,21.32,32.42,5.4,0,72,41.2,7581,6137
1776591370.766046,154.04,20.2,28.25,5.4,0,72,41.2,7581,6137
1776591370.795276,151.17,19.83,27.35,5.3,0,72,41.2,7581,6137
1776591370.8257687,164.53,20.52,28.77,5.3,0,72,41.2,7581,6137
1776591370.855679,161.47,19.9,28.19,5.3,0,72,41.2,7581,6137
1776591370.8851953,157.11,20.02,27.75,5.3,0,72,41.2,7581,6137
1776591370.9149258,153.86,20.1,27.9,5.3,0,72,41.2,7581,6137
1776591370.9445705,165.84,19.92,27.83,5.2,0,72,41.2,7581,6137
1776591370.974336,162.66,19.89,28.08,5.2,0,72,41.2,7581,6137
1776591371.0035713,158.39,19.75,27.47,5.1,0,79,42.7,7502,6137
1776591371.03409,155.0,21.2,28.81,5.1,0,79,42.7,7502,6137
1776591371.0634255,152.6,19.95,27.71,5.1,0,79,42.7,7502,6137
1776591371.0942614,164.57,20.39,28.61,5.1,0,79,42.7,7502,6137
1776591371.1215434,161.75,19.99,25.65,5.0,0,79,42.7,7502,6137
1776591371.1491737,155.21,20.45,25.94,5.0,0,79,42.7,7502,6137
1776591371.177591,150.81,20.59,26.57,5.0,0,79,42.7,7502,6137
1776591371.2079372,162.4,21.87,28.33,5.0,0,79,42.7,7502,6137
1776591371.2387311,158.83,21.49,28.54,5.0,0,79,42.7,7502,6137
1776591371.2685583,155.77,20.65,27.39,5.1,0,79,42.7,7502,6137
1776591371.298208,155.34,21.26,27.5,5.1,0,79,42.7,7502,6137
1776591371.328635,152.95,20.13,27.84,5.2,0,79,42.7,7502,6137
1776591371.3568234,164.18,20.12,26.54,5.2,0,79,42.7,7502,6137
1776591371.3871183,159.07,20.56,28.67,5.2,0,79,42.7,7502,6137
1776591371.4174538,155.29,20.35,28.68,5.2,0,79,42.7,7502,6137
1776591371.447992,170.62,20.45,28.42,5.2,0,79,42.7,7502,6137
1776591371.477172,167.98,19.56,27.03,5.3,0,79,42.7,7502,6137
1776591371.506059,162.49,19.71,27.3,5.2,0,79,42.7,7502,6137
1776591371.5364125,156.88,20.93,28.58,5.2,0,79,42.7,7502,6137
1776591371.5631063,174.39,19.67,24.89,5.2,0,79,42.7,7502,6137
1776591371.594031,164.84,21.81,29.13,5.2,0,79,42.7,7502,6137
1776591371.6264198,162.93,23.18,30.2,5.3,0,79,42.7,7502,6137
1776591371.6542914,163.15,19.98,26.01,5.3,0,79,42.7,7502,6137
1776591371.6820345,156.08,19.62,25.92,5.3,0,79,42.7,7502,6137
1776591371.7096026,167.47,19.74,25.8,5.4,0,79,42.7,7502,6137
1776591371.7398655,161.19,22.31,28.35,5.4,0,79,42.7,7502,6137
1776591371.767003,159.08,19.77,25.38,5.5,0,79,42.7,7502,6137
1776591371.793915,152.08,19.55,25.15,5.7,0,79,42.7,7502,6137
1776591371.8208406,161.15,19.38,25.18,5.8,0,79,42.7,7502,6137
1776591371.8478782,155.85,19.51,25.13,6.0,0,79,42.7,7502,6137
1776591371.8753843,167.06,19.33,25.56,6.1,0,79,42.7,7502,6137
1776591371.9023747,161.42,19.62,25.12,6.4,0,79,42.7,7502,6137
1776591371.928572,153.24,19.3,24.57,6.7,0,79,42.7,7502,6137
1776591371.9552877,166.99,19.67,25.16,6.7,0,79,42.7,7502,6137
1776591371.9852345,155.85,19.8,28.06,6.7,0,79,42.7,7502,6137
1776591372.0179095,153.47,21.04,30.82,6.7,0,63,41.8,7463,6136
1776591372.0508626,153.67,21.09,31.08,6.6,0,63,41.8,7463,6136
1776591372.0809474,152.47,20.33,28.28,6.5,0,63,41.8,7463,6136
1776591372.1117125,168.06,19.84,28.76,6.5,0,63,41.8,7463,6136
1776591372.1435714,164.24,21.72,30.04,6.4,0,63,41.8,7463,6136
1776591372.1711967,161.31,19.66,25.98,6.3,0,63,41.8,7463,6136
1776591372.1985009,157.67,19.66,25.45,5.9,0,63,41.8,7463,6136
1776591372.2269826,169.03,19.39,25.99,5.8,0,63,41.8,7463,6136
1776591372.255052,163.46,20.6,26.13,5.7,0,63,41.8,7463,6136
1776591372.2826781,157.45,19.25,25.58,5.7,0,63,41.8,7463,6136
1776591372.3098357,151.39,19.58,25.34,5.7,0,63,41.8,7463,6136
1776591372.342204,163.05,25.03,30.51,5.6,0,63,41.8,7463,6136
1776591372.3701162,161.67,20.1,26.19,5.6,0,63,41.8,7463,6136
1776591372.3980193,156.47,19.64,25.45,5.6,0,63,41.8,7463,6136
1776591372.4265647,165.26,20.23,26.58,5.7,0,63,41.8,7463,6136
1776591372.4586005,161.35,20.7,30.2,5.7,0,63,41.8,7463,6136
1776591372.490753,161.46,20.82,30.44,5.8,0,63,41.8,7463,6136
1776591372.5175984,158.98,19.66,25.16,5.8,0,63,41.8,7463,6136
1776591372.549474,153.77,21.83,30.19,5.8,0,63,41.8,7463,6136
1776591372.5808322,152.96,19.97,28.43,5.7,0,63,41.8,7463,6136
1776591372.6102285,165.78,19.83,27.74,5.7,0,63,41.8,7463,6136
1776591372.6399457,162.25,20.04,28.15,5.7,0,63,41.8,7463,6136
1776591372.6696327,159.61,19.87,27.62,5.8,0,63,41.8,7463,6136
1776591372.6988642,156.32,19.73,27.54,5.8,0,63,41.8,7463,6136
1776591372.7287722,167.61,19.75,28.05,5.8,0,63,41.8,7463,6136
1776591372.7618568,164.92,21.02,31.45,5.8,0,63,41.8,7463,6136
1776591372.7910407,166.56,20.47,26.95,6.0,0,63,41.8,7463,6136
1776591372.8221266,160.92,20.26,28.77,6.0,0,63,41.8,7463,6136
1776591372.854247,158.67,20.19,30.29,6.0,0,63,41.8,7463,6136
1776591372.888167,157.61,21.21,31.3,6.2,0,63,41.8,7463,6136
1776591372.922405,156.26,21.4,31.96,6.1,0,63,41.8,7463,6136
1776591372.9539225,158.84,20.5,28.66,6.3,0,63,41.8,7463,6136
1776591372.984554,156.34,20.6,28.89,6.4,0,63,41.8,7463,6136
1776591373.014497,152.13,20.02,28.17,6.2,0,70,43.0,7463,6137
1776591373.0443878,167.44,20.02,28.05,6.3,0,70,43.0,7463,6137
1776591373.0709662,163.57,19.47,24.95,6.2,0,70,43.0,7463,6137
1776591373.0976086,157.33,19.34,24.74,6.2,0,70,43.0,7463,6137
1776591373.1247635,168.04,19.56,25.47,6.1,0,70,43.0,7463,6137
1776591373.151976,161.52,19.73,25.51,6.0,0,70,43.0,7463,6137
1776591373.1791155,154.26,19.8,25.4,5.8,0,70,43.0,7463,6137
1776591373.2059252,164.65,19.68,25.14,5.9,0,70,43.0,7463,6137
1776591373.2327309,160.16,19.41,25.2,5.8,0,70,43.0,7463,6137
1776591373.2605982,153.13,19.57,25.23,5.8,0,70,43.0,7463,6137
1776591373.287352,163.33,19.26,25.0,5.8,0,70,43.0,7463,6137
1776591373.3152294,158.03,20.26,26.03,5.9,0,70,43.0,7463,6137
1776591373.3428814,167.03,19.61,25.38,5.9,0,70,43.0,7463,6137
1776591373.370232,160.26,19.76,25.61,6.0,0,70,43.0,7463,6137
1776591373.3977802,156.8,19.44,25.52,6.0,0,70,43.0,7463,6137
1776591373.424991,167.08,19.52,25.51,6.0,0,70,43.0,7463,6137
1776591373.45462,159.36,19.97,27.94,6.0,0,70,43.0,7463,6137
1776591373.4843957,157.61,19.81,27.89,6.1,0,70,43.0,7463,6137
1776591373.51413,152.98,19.72,28.1,6.1,0,70,43.0,7463,6137
1776591373.5438225,150.19,20.03,28.0,6.2,0,70,43.0,7463,6137
1776591373.5747957,162.91,20.72,29.01,6.2,1,70,43.0,7463,6137
1776591373.6040463,160.96,19.49,27.6,6.3,1,70,43.0,7463,6137
1776591373.6340277,156.36,20.24,28.32,6.5,1,70,43.0,7463,6137
1776591373.6655335,154.33,20.77,29.73,6.5,1,70,43.0,7463,6137
1776591373.6958869,154.63,19.82,28.63,6.5,1,70,43.0,7463,6137
1776591373.7255366,164.08,19.68,27.85,6.5,1,70,43.0,7463,6137
1776591373.7554998,162.11,19.82,28.28,6.7,1,70,43.0,7463,6137
1776591373.7878256,158.51,20.36,30.67,6.8,1,70,43.0,7463,6137
1776591373.8194146,157.6,20.83,29.74,6.7,1,70,43.0,7463,6137
1776591373.8526447,156.88,21.26,31.26,6.6,1,70,43.0,7463,6137
1776591373.8840866,156.83,19.98,29.62,6.6,1,70,43.0,7463,6137
1776591373.916296,153.27,20.7,30.11,6.6,1,70,43.0,7463,6137
1776591373.9461896,150.21,19.82,28.24,6.4,1,70,43.0,7463,6137
1776591373.9766688,167.03,20.23,28.63,6.4,1,70,43.0,7463,6137
1776591374.00888,163.58,20.27,30.43,6.4,1,67,44.2,7502,6135
1776591374.0424936,164.61,21.99,31.34,6.4,1,67,44.2,7502,6135
1776591374.0734699,162.53,21.16,29.4,6.3,1,67,44.2,7502,6135
1776591374.1027184,162.07,19.73,27.59,6.4,1,67,44.2,7502,6135
1776591374.132284,154.43,19.7,27.91,6.4,1,67,44.2,7502,6135
1776591374.1619413,153.29,19.73,27.94,6.6,1,67,44.2,7502,6135
1776591374.1922557,164.53,20.05,28.47,6.5,1,67,44.2,7502,6135
1776591374.2271795,163.14,21.57,33.2,6.6,1,67,44.2,7502,6135
1776591374.256913,164.33,20.16,28.06,6.5,0,67,44.2,7502,6135
1776591374.2856855,158.8,19.31,27.14,6.5,0,67,44.2,7502,6135
1776591374.3154986,156.07,19.6,28.16,6.5,1,67,44.2,7502,6135
1776591374.3452384,152.58,19.81,27.99,6.5,1,67,44.2,7502,6135
1776591374.375416,165.21,19.87,28.45,6.5,1,67,44.2,7502,6135
1776591374.4049876,161.08,19.74,27.91,6.7,1,67,44.2,7502,6135
1776591374.434148,159.11,19.7,27.45,6.8,1,67,44.2,7502,6135
1776591374.4637387,154.01,19.82,27.85,6.9,1,67,44.2,7502,6135
1776591374.4936118,166.56,19.52,28.01,6.9,1,67,44.2,7502,6135
1776591374.5235033,161.23,19.96,28.32,7.0,1,67,44.2,7502,6135
1776591374.553222,161.36,19.73,27.94,7.1,1,67,44.2,7502,6135
1776591374.58299,156.67,19.88,28.02,7.2,1,67,44.2,7502,6135
1776591374.613243,154.07,19.86,28.09,7.4,1,67,44.2,7502,6135
1776591374.6436024,166.69,19.95,28.56,7.5,1,67,44.2,7502,6135
1776591374.672924,163.7,19.87,27.66,7.6,1,67,44.2,7502,6135
1776591374.706114,160.26,21.85,30.81,7.4,1,67,44.2,7502,6135
1776591374.7384815,159.78,20.86,30.62,6.9,1,67,44.2,7502,6135
1776591374.7704508,158.09,20.99,29.84,6.4,1,67,44.2,7502,6135
1776591374.800116,157.72,19.78,27.82,6.6,1,67,44.2,7502,6135
1776591374.8309088,152.82,19.92,28.91,7.9,1,67,44.2,7502,6135
1776591374.8616571,151.16,19.89,28.94,9.4,2,67,44.2,7502,6135
1776591374.8952472,164.84,21.26,31.93,10.0,3,67,44.2,7502,6135
1776591374.9323099,164.69,21.6,34.66,10.9,2,67,44.2,7502,6135
1776591374.9635952,152.94,20.19,29.2,11.5,2,67,44.2,7502,6135
1776591374.994098,165.47,19.96,28.64,11.4,1,67,44.2,7502,6135
1776591375.0255463,164.98,20.39,29.74,11.4,1,52,43.5,7502,6138
1776591375.0563552,160.97,20.18,29.13,11.4,2,52,43.5,7502,6138
1776591375.0856361,160.98,19.68,27.57,11.4,1,52,43.5,7502,6138
1776591375.1154768,156.9,19.63,28.1,11.4,1,52,43.5,7502,6138
1776591375.1459134,170.2,20.13,28.64,11.4,0,52,43.5,7502,6138
1776591375.1770983,166.24,20.3,29.36,11.5,2,52,43.5,7502,6138
1776591375.2084787,163.26,20.11,29.6,11.5,1,52,43.5,7502,6138
1776591375.2392457,159.93,20.22,28.98,11.6,2,52,43.5,7502,6138
1776591375.269391,161.08,19.65,28.32,11.6,2,52,43.5,7502,6138
1776591375.3000312,154.05,20.01,28.88,11.6,1,52,43.5,7502,6138
1776591375.3312025,153.48,20.26,28.97,11.6,1,52,43.5,7502,6138
1776591375.3614292,165.74,19.97,28.35,11.7,2,52,43.5,7502,6138
1776591375.3929288,162.03,20.81,29.81,11.6,1,52,43.5,7502,6138
1776591375.4262094,161.26,21.75,31.64,11.6,2,52,43.5,7502,6138
1776591375.4574203,159.85,21.37,29.07,11.7,1,52,43.5,7502,6138
1776591375.489911,160.31,20.99,30.91,11.7,1,52,43.5,7502,6138
1776591375.5215328,160.84,20.65,29.51,11.7,1,52,43.5,7502,6138
1776591375.552229,157.04,19.81,28.92,11.7,2,52,43.5,7502,6138
1776591375.5820937,157.13,19.98,28.1,11.6,1,52,43.5,7502,6138
1776591375.6136706,153.43,20.23,29.74,11.7,2,52,43.5,7502,6138
1776591375.644764,167.57,20.19,29.16,11.7,1,52,43.5,7502,6138
1776591375.6758597,165.39,20.23,29.19,11.7,2,52,43.5,7502,6138
1776591375.7064776,162.78,20.14,28.88,11.7,2,52,43.5,7502,6138
1776591375.7378542,159.88,19.79,29.58,11.7,2,52,43.5,7502,6138
1776591375.7711346,159.03,21.18,31.48,11.6,1,52,43.5,7502,6138
1776591375.8020222,159.23,20.28,28.91,11.7,1,52,43.5,7502,6138
1776591375.832084,156.46,19.62,28.31,11.6,1,52,43.5,7502,6138
1776591375.8625278,154.5,19.84,28.52,11.6,2,52,43.5,7502,6138
1776591375.89286,165.76,19.8,28.29,11.6,1,52,43.5,7502,6138
1776591375.9230158,163.72,19.79,28.38,11.7,1,52,43.5,7502,6138
1776591375.9530127,160.29,20.01,28.27,11.7,1,52,43.5,7502,6138
1776591375.9866567,157.58,22.18,31.94,11.7,1,52,43.5,7502,6138
1776591376.0201826,158.56,20.36,31.45,11.8,1,52,43.5,7502,6138
1776591376.0537593,159.97,20.96,31.44,11.7,1,77,44.5,7463,6137
1776591376.0872815,159.91,20.77,31.36,11.7,2,77,44.5,7463,6137
1776591376.1211755,156.69,21.19,31.64,11.7,1,77,44.5,7463,6137
1776591376.1526322,157.69,20.63,29.28,11.7,2,77,44.5,7463,6137
1776591376.1831024,157.0,19.84,28.6,11.7,1,77,44.5,7463,6137
1776591376.2134666,152.67,20.04,28.47,11.7,1,77,44.5,7463,6137
1776591376.243934,150.12,20.0,28.58,11.6,2,77,44.5,7463,6137
1776591376.2751646,167.17,20.44,29.34,11.7,1,77,44.5,7463,6137
1776591376.3072317,163.16,21.97,30.36,11.7,1,77,44.5,7463,6137
1776591376.3376148,161.3,19.8,28.66,11.7,1,77,44.5,7463,6137
