config,variant,threshold,ground_truth,n_det_raw,n_cat,n_det,pod,far,n_hit,n_fa,n_fa_saa,n_events_total,n_events_tp,n_events_fa,event_far,TP,FP,FN,precision,recall,f1,onset_diff_h_median,onset_diff_h_p25,onset_diff_h_p75,onset_diff_h_n
D_alert_only,na,,noaa,216,42,216,0.7380952380952381,0.28703703703703703,31,62,,28,26,2,0.06060606060606061,31,2,11,0.9393939393939394,0.7380952380952381,0.8266666666666667,1.6666666666666667,0.3333333333333333,2.75,31
D_alert_only,na,,manual,216,53,216,0.4339622641509434,0.5879629629629629,23,127,,28,23,5,0.17857142857142858,23,5,30,0.8214285714285714,0.4339622641509434,0.5679012345679013,9.5,6.5,13.625,23
A_tcn_only,na,0.85,noaa,155,42,155,0.7619047619047619,0.7161290322580646,32,111,,84,31,53,0.6235294117647059,32,53,10,0.3764705882352941,0.7619047619047619,0.5039370078740157,0.0,-6.729166666666667,1.0833333333333333,32
A_tcn_only,na,0.85,manual,155,53,155,0.8679245283018868,0.5935483870967742,46,92,,84,46,38,0.4523809523809524,46,38,7,0.5476190476190477,0.8679245283018868,0.6715328467153285,9.5,4.625,12.4375,46
B_gated_tcn,break,0.85,noaa,187,42,187,0.6904761904761905,0.28342245989304815,29,53,,26,24,2,0.06451612903225806,29,2,13,0.9354838709677419,0.6904761904761905,0.7945205479452055,1.9166666666666667,0.9166666666666666,5.5,29
B_gated_tcn,break,0.85,manual,187,53,187,0.4339622641509434,0.5989304812834224,23,112,,26,22,4,0.14814814814814814,23,4,30,0.8518518518518519,0.4339622641509434,0.5750000000000001,13.0,7.5,17.0,23
B_gated_tcn,skip,0.85,noaa,86,42,86,0.7857142857142857,0.5930232558139535,33,51,,77,32,45,0.5769230769230769,33,45,9,0.4230769230769231,0.7857142857142857,0.55,0.08333333333333333,-6.416666666666667,1.3333333333333333,33
B_gated_tcn,skip,0.85,manual,86,53,86,0.8490566037735849,0.4418604651162791,45,38,,77,44,33,0.4230769230769231,45,33,8,0.5769230769230769,0.8490566037735849,0.6870229007633587,10.0,5.5,16.25,45
C_alert_and_tcn,na,0.85,noaa,212,42,212,0.7380952380952381,0.29245283018867924,31,62,,28,26,2,0.06060606060606061,31,2,11,0.9393939393939394,0.7380952380952381,0.8266666666666667,1.8333333333333333,1.0,3.75,31
C_alert_and_tcn,na,0.85,manual,212,53,212,0.4339622641509434,0.5990566037735849,23,127,,28,23,5,0.17857142857142858,23,5,30,0.8214285714285714,0.4339622641509434,0.5679012345679013,9.5,7.125,15.625,23
A_tcn_only,na,0.9,noaa,164,42,164,0.9047619047619048,0.6707317073170732,38,110,,87,38,49,0.5632183908045977,38,49,4,0.4367816091954023,0.9047619047619048,0.5891472868217055,0.20833333333333331,-6.791666666666667,1.0833333333333333,38
A_tcn_only,na,0.9,manual,164,53,164,0.8679245283018868,0.5609756097560976,46,92,,87,46,41,0.47126436781609193,46,41,7,0.5287356321839081,0.8679245283018868,0.6571428571428571,9.75,4.75,13.125,46
B_gated_tcn,break,0.9,noaa,184,42,184,0.6666666666666666,0.28804347826086957,28,53,,25,23,2,0.06666666666666667,28,2,14,0.9333333333333333,0.6666666666666666,0.7777777777777778,1.9583333333333335,1.0,5.583333333333333,28
B_gated_tcn,break,0.9,manual,184,53,184,0.41509433962264153,0.6032608695652174,22,111,,25,21,4,0.15384615384615385,22,4,31,0.8461538461538461,0.41509433962264153,0.5569620253164558,13.875,7.875,17.25,22
B_gated_tcn,skip,0.9,noaa,86,42,86,0.8095238095238095,0.5465116279069767,34,47,,71,33,38,0.5277777777777778,34,38,8,0.4722222222222222,0.8095238095238095,0.5964912280701755,0.5,-6.354166666666667,1.3958333333333335,34
B_gated_tcn,skip,0.9,manual,86,53,86,0.8113207547169812,0.4186046511627907,43,36,,71,42,29,0.4027777777777778,43,29,10,0.5972222222222222,0.8113207547169812,0.688,10.0,5.375,16.25,43
C_alert_and_tcn,na,0.9,noaa,212,42,212,0.7380952380952381,0.29245283018867924,31,62,,28,26,2,0.06060606060606061,31,2,11,0.9393939393939394,0.7380952380952381,0.8266666666666667,1.8333333333333333,1.0,3.75,31
C_alert_and_tcn,na,0.9,manual,212,53,212,0.4339622641509434,0.5990566037735849,23,127,,28,23,5,0.17857142857142858,23,5,30,0.8214285714285714,0.4339622641509434,0.5679012345679013,9.5,7.125,15.625,23
A_tcn_only,na,0.91,noaa,174,42,174,0.9285714285714286,0.6666666666666666,39,116,,90,38,52,0.5714285714285714,39,52,3,0.42857142857142855,0.9285714285714286,0.5864661654135338,0.25,-6.666666666666667,1.125,39
A_tcn_only,na,0.91,manual,174,53,174,0.8679245283018868,0.5977011494252874,46,104,,90,46,44,0.4888888888888889,46,44,7,0.5111111111111111,0.8679245283018868,0.6433566433566433,10.125,5.375,13.1875,46
B_gated_tcn,break,0.91,noaa,183,42,183,0.6666666666666666,0.2896174863387978,28,53,,25,23,2,0.06666666666666667,28,2,14,0.9333333333333333,0.6666666666666666,0.7777777777777778,2.0,1.0,5.583333333333333,28
B_gated_tcn,break,0.91,manual,183,53,183,0.41509433962264153,0.6065573770491803,22,111,,25,21,4,0.15384615384615385,22,4,31,0.8461538461538461,0.41509433962264153,0.5569620253164558,13.875,7.875,17.25,22
B_gated_tcn,skip,0.91,noaa,83,42,83,0.8095238095238095,0.5421686746987951,34,45,,69,33,36,0.5142857142857142,34,36,8,0.4857142857142857,0.8095238095238095,0.6071428571428571,0.5,-6.354166666666667,1.4166666666666667,34
B_gated_tcn,skip,0.91,manual,83,53,83,0.8113207547169812,0.42168674698795183,43,35,,69,42,27,0.38571428571428573,43,27,10,0.6142857142857143,0.8113207547169812,0.6991869918699187,10.0,5.875,16.375,43
C_alert_and_tcn,na,0.91,noaa,212,42,212,0.7380952380952381,0.29245283018867924,31,62,,28,26,2,0.06060606060606061,31,2,11,0.9393939393939394,0.7380952380952381,0.8266666666666667,1.8333333333333333,1.0,3.75,31
C_alert_and_tcn,na,0.91,manual,212,53,212,0.4339622641509434,0.5990566037735849,23,127,,28,23,5,0.17857142857142858,23,5,30,0.8214285714285714,0.4339622641509434,0.5679012345679013,9.5,7.125,15.625,23
A_tcn_only,na,0.92,noaa,172,42,172,0.9047619047619048,0.6802325581395349,38,117,,89,38,51,0.5730337078651685,38,51,4,0.42696629213483145,0.9047619047619048,0.5801526717557252,0.29166666666666663,-6.791666666666667,1.0833333333333333,38
A_tcn_only,na,0.92,manual,172,53,172,0.8490566037735849,0.6046511627906976,45,104,,89,45,44,0.4943820224719101,45,44,8,0.5056179775280899,0.8490566037735849,0.6338028169014085,10.0,5.5,14.25,45
B_gated_tcn,break,0.92,noaa,182,42,182,0.6666666666666666,0.29120879120879123,28,53,,25,23,2,0.06666666666666667,28,2,14,0.9333333333333333,0.6666666666666666,0.7777777777777778,2.0,1.0,5.583333333333333,28
B_gated_tcn,break,0.92,manual,182,53,182,0.41509433962264153,0.6098901098901099,22,111,,25,21,4,0.15384615384615385,22,4,31,0.8461538461538461,0.41509433962264153,0.5569620253164558,13.875,7.875,17.25,22
B_gated_tcn,skip,0.92,noaa,88,42,88,0.8333333333333334,0.5340909090909091,35,47,,72,35,37,0.5138888888888888,35,37,7,0.4861111111111111,0.8333333333333334,0.6140350877192983,0.5,-6.666666666666667,1.4166666666666667,35
B_gated_tcn,skip,0.92,manual,88,53,88,0.7924528301886793,0.45454545454545453,42,40,,72,41,31,0.4246575342465753,42,31,11,0.5753424657534246,0.7924528301886793,0.6666666666666667,10.0,5.9375,16.375,42
C_alert_and_tcn,na,0.92,noaa,211,42,211,0.7380952380952381,0.2890995260663507,31,61,,28,26,2,0.06060606060606061,31,2,11,0.9393939393939394,0.7380952380952381,0.8266666666666667,1.8333333333333333,1.0,3.75,31
C_alert_and_tcn,na,0.92,manual,211,53,211,0.4339622641509434,0.5971563981042654,23,126,,28,23,5,0.17857142857142858,23,5,30,0.8214285714285714,0.4339622641509434,0.5679012345679013,9.5,7.125,15.625,23
A_tcn_only,na,0.93,noaa,180,42,180,0.9285714285714286,0.6611111111111111,39,119,,86,38,48,0.5517241379310345,39,48,3,0.4482758620689655,0.9285714285714286,0.6046511627906977,0.25,-5.791666666666667,1.2916666666666667,39
A_tcn_only,na,0.93,manual,180,53,180,0.8490566037735849,0.6055555555555555,45,109,,86,45,41,0.47674418604651164,45,41,8,0.5232558139534884,0.8490566037735849,0.6474820143884893,10.0,5.75,14.25,45
B_gated_tcn,break,0.93,noaa,182,42,182,0.6666666666666666,0.29120879120879123,28,53,,25,23,2,0.06666666666666667,28,2,14,0.9333333333333333,0.6666666666666666,0.7777777777777778,2.0,1.0,5.583333333333333,28
B_gated_tcn,break,0.93,manual,182,53,182,0.41509433962264153,0.6098901098901099,22,111,,25,21,4,0.15384615384615385,22,4,31,0.8461538461538461,0.41509433962264153,0.5569620253164558,13.875,7.875,17.25,22
B_gated_tcn,skip,0.93,noaa,86,42,86,0.8333333333333334,0.5116279069767442,35,44,,70,35,35,0.5,35,35,7,0.5,0.8333333333333334,0.625,0.5833333333333334,-6.541666666666667,1.4166666666666667,35
B_gated_tcn,skip,0.93,manual,86,53,86,0.8113207547169812,0.4186046511627907,43,36,,70,42,28,0.39436619718309857,43,28,10,0.6056338028169014,0.8113207547169812,0.6935483870967741,10.0,5.75,16.25,43
C_alert_and_tcn,na,0.93,noaa,211,42,211,0.7380952380952381,0.2890995260663507,31,61,,28,26,2,0.06060606060606061,31,2,11,0.9393939393939394,0.7380952380952381,0.8266666666666667,1.8333333333333333,1.0,3.75,31
C_alert_and_tcn,na,0.93,manual,211,53,211,0.4339622641509434,0.5971563981042654,23,126,,28,23,5,0.17857142857142858,23,5,30,0.8214285714285714,0.4339622641509434,0.5679012345679013,9.5,7.125,15.625,23
A_tcn_only,na,0.94,noaa,170,42,170,0.9285714285714286,0.6294117647058823,39,107,,81,38,43,0.524390243902439,39,43,3,0.47560975609756095,0.9285714285714286,0.6290322580645161,0.25,-5.416666666666667,1.4166666666666667,39
A_tcn_only,na,0.94,manual,170,53,170,0.8301886792452831,0.6176470588235294,44,105,,81,44,37,0.4567901234567901,44,37,9,0.5432098765432098,0.8301886792452831,0.6567164179104478,10.125,6.5,14.75,44
B_gated_tcn,break,0.94,noaa,180,42,180,0.6666666666666666,0.29444444444444445,28,53,,25,23,2,0.06666666666666667,28,2,14,0.9333333333333333,0.6666666666666666,0.7777777777777778,2.125,1.25,5.583333333333333,28
B_gated_tcn,break,0.94,manual,180,53,180,0.41509433962264153,0.6166666666666667,22,111,,25,21,4,0.15384615384615385,22,4,31,0.8461538461538461,0.41509433962264153,0.5569620253164558,13.875,8.4375,17.25,22
B_gated_tcn,skip,0.94,noaa,87,42,87,0.8333333333333334,0.5172413793103449,35,45,,70,34,36,0.5070422535211268,35,36,7,0.49295774647887325,0.8333333333333334,0.6194690265486726,0.6666666666666666,-5.666666666666667,1.4583333333333335,35
B_gated_tcn,skip,0.94,manual,87,53,87,0.8113207547169812,0.41379310344827586,43,36,,70,42,28,0.39436619718309857,43,28,10,0.6056338028169014,0.8113207547169812,0.6935483870967741,11.25,7.375,17.875,43
C_alert_and_tcn,na,0.94,noaa,210,42,210,0.7380952380952381,0.2904761904761905,31,61,,28,26,2,0.06060606060606061,31,2,11,0.9393939393939394,0.7380952380952381,0.8266666666666667,1.8333333333333333,1.0,3.75,31
C_alert_and_tcn,na,0.94,manual,210,53,210,0.4339622641509434,0.6,23,126,,28,23,5,0.17857142857142858,23,5,30,0.8214285714285714,0.4339622641509434,0.5679012345679013,9.5,7.125,15.625,23
A_tcn_only,na,0.95,noaa,177,42,177,0.9285714285714286,0.5988700564971752,39,106,,84,36,48,0.5517241379310345,39,48,3,0.4482758620689655,0.9285714285714286,0.6046511627906977,0.25,-5.041666666666667,1.75,39
A_tcn_only,na,0.95,manual,177,53,177,0.8113207547169812,0.632768361581921,43,112,,84,45,39,0.47560975609756095,43,39,10,0.524390243902439,0.8113207547169812,0.6370370370370371,10.25,6.75,14.625,43
B_gated_tcn,break,0.95,noaa,180,42,180,0.6666666666666666,0.29444444444444445,28,53,,25,23,2,0.06666666666666667,28,2,14,0.9333333333333333,0.6666666666666666,0.7777777777777778,2.125,1.25,5.583333333333333,28
B_gated_tcn,break,0.95,manual,180,53,180,0.41509433962264153,0.6166666666666667,22,111,,25,21,4,0.15384615384615385,22,4,31,0.8461538461538461,0.41509433962264153,0.5569620253164558,13.875,8.4375,17.25,22
B_gated_tcn,skip,0.95,noaa,89,42,89,0.8571428571428571,0.4943820224719101,36,44,,70,35,35,0.49295774647887325,36,35,6,0.5070422535211268,0.8571428571428571,0.6371681415929203,0.8333333333333333,-5.666666666666667,1.5625,36
B_gated_tcn,skip,0.95,manual,89,53,89,0.7924528301886793,0.43820224719101125,42,39,,70,41,29,0.4084507042253521,42,29,11,0.5915492957746479,0.7924528301886793,0.6774193548387097,11.25,7.5625,17.9375,42
C_alert_and_tcn,na,0.95,noaa,207,42,207,0.7142857142857143,0.2898550724637681,30,60,,27,25,2,0.0625,30,2,12,0.9375,0.7142857142857143,0.8108108108108109,1.875,1.0,4.208333333333334,30
C_alert_and_tcn,na,0.95,manual,207,53,207,0.41509433962264153,0.6038647342995169,22,125,,27,22,5,0.18518518518518517,22,5,31,0.8148148148148148,0.41509433962264153,0.55,9.875,7.875,15.8125,22
A_tcn_only,na,0.96,noaa,189,42,189,0.9761904761904762,0.5714285714285714,41,108,,75,38,37,0.47435897435897434,41,37,1,0.5256410256410257,0.9761904761904762,0.6833333333333332,0.5,-3.6666666666666665,1.8333333333333333,41
A_tcn_only,na,0.96,manual,189,53,189,0.8301886792452831,0.6296296296296297,44,119,,75,43,32,0.42105263157894735,44,32,9,0.5789473684210527,0.8301886792452831,0.682170542635659,10.625,6.9375,15.5,44
B_gated_tcn,break,0.96,noaa,178,42,178,0.6666666666666666,0.29775280898876405,28,53,,25,23,2,0.06666666666666667,28,2,14,0.9333333333333333,0.6666666666666666,0.7777777777777778,2.125,1.25,5.895833333333333,28
B_gated_tcn,break,0.96,manual,178,53,178,0.41509433962264153,0.6235955056179775,22,111,,25,21,4,0.15384615384615385,22,4,31,0.8461538461538461,0.41509433962264153,0.5569620253164558,13.875,8.4375,17.25,22
B_gated_tcn,skip,0.96,noaa,87,42,87,0.8571428571428571,0.41379310344827586,36,36,,60,34,26,0.41935483870967744,36,26,6,0.5806451612903226,0.8571428571428571,0.6923076923076923,1.0,-2.291666666666667,1.7708333333333333,36
B_gated_tcn,skip,0.96,manual,87,53,87,0.7547169811320755,0.3793103448275862,40,33,,60,39,21,0.3442622950819672,40,21,13,0.6557377049180327,0.7547169811320755,0.7017543859649122,10.875,7.4375,18.5,40
C_alert_and_tcn,na,0.96,noaa,206,42,206,0.7142857142857143,0.2912621359223301,30,60,,27,25,2,0.0625,30,2,12,0.9375,0.7142857142857143,0.8108108108108109,2.0833333333333335,1.1041666666666667,4.208333333333334,30
C_alert_and_tcn,na,0.96,manual,206,53,206,0.41509433962264153,0.6067961165048543,22,125,,27,22,5,0.18518518518518517,22,5,31,0.8148148148148148,0.41509433962264153,0.55,10.0,7.875,15.8125,22
A_tcn_only,na,0.97,noaa,194,42,194,0.9761904761904762,0.4948453608247423,41,96,,66,37,29,0.4142857142857143,41,29,1,0.5857142857142857,0.9761904761904762,0.7321428571428572,0.3333333333333333,-2.0,1.8333333333333333,41
A_tcn_only,na,0.97,manual,194,53,194,0.7169811320754716,0.6443298969072165,38,125,,66,37,29,0.43283582089552236,38,29,15,0.5671641791044776,0.7169811320754716,0.6333333333333333,10.375,6.3125,15.125,38
B_gated_tcn,break,0.97,noaa,172,42,172,0.6666666666666666,0.3081395348837209,28,53,,25,23,2,0.06666666666666667,28,2,14,0.9333333333333333,0.6666666666666666,0.7777777777777778,2.291666666666667,1.3958333333333335,6.1875,28
B_gated_tcn,break,0.97,manual,172,53,172,0.41509433962264153,0.627906976744186,22,108,,25,21,4,0.15384615384615385,22,4,31,0.8461538461538461,0.41509433962264153,0.5569620253164558,13.875,8.4375,18.25,22
B_gated_tcn,skip,0.97,noaa,102,42,102,0.9523809523809523,0.3627450980392157,40,37,,65,38,27,0.40298507462686567,40,27,2,0.5970149253731343,0.9523809523809523,0.7339449541284403,1.1666666666666667,-0.14583333333333334,3.0625,40
B_gated_tcn,skip,0.97,manual,102,53,102,0.7169811320754716,0.46078431372549017,38,47,,65,37,28,0.42424242424242425,38,28,15,0.5757575757575758,0.7169811320754716,0.6386554621848739,11.0,5.6875,16.4375,38
C_alert_and_tcn,na,0.97,noaa,206,42,206,0.7142857142857143,0.2912621359223301,30,60,,27,25,2,0.0625,30,2,12,0.9375,0.7142857142857143,0.8108108108108109,2.0833333333333335,1.1041666666666667,4.208333333333334,30
C_alert_and_tcn,na,0.97,manual,206,53,206,0.41509433962264153,0.6067961165048543,22,125,,27,22,5,0.18518518518518517,22,5,31,0.8148148148148148,0.41509433962264153,0.55,10.0,7.875,15.8125,22
A_tcn_only,na,0.98,noaa,192,42,192,0.9761904761904762,0.5052083333333334,41,97,,57,38,19,0.31666666666666665,41,19,1,0.6833333333333333,0.9761904761904762,0.803921568627451,0.9166666666666666,-0.9166666666666666,2.0833333333333335,41
A_tcn_only,na,0.98,manual,192,53,192,0.6792452830188679,0.65625,36,126,,57,35,22,0.3793103448275862,36,22,17,0.6206896551724138,0.6792452830188679,0.6486486486486486,9.875,6.1875,15.3125,36
B_gated_tcn,break,0.98,noaa,165,42,165,0.6666666666666666,0.30303030303030304,28,50,,25,23,2,0.06666666666666667,28,2,14,0.9333333333333333,0.6666666666666666,0.7777777777777778,2.291666666666667,1.3958333333333335,6.1875,28
B_gated_tcn,break,0.98,manual,165,53,165,0.41509433962264153,0.6303030303030303,22,104,,25,21,4,0.15384615384615385,22,4,31,0.8461538461538461,0.41509433962264153,0.5569620253164558,14.25,8.4375,18.25,22
B_gated_tcn,skip,0.98,noaa,110,42,110,0.9523809523809523,0.3,40,33,,55,38,17,0.2982456140350877,40,17,2,0.7017543859649122,0.9523809523809523,0.8080808080808081,1.0833333333333335,-0.5833333333333334,2.9375,40
B_gated_tcn,skip,0.98,manual,110,53,110,0.660377358490566,0.5,35,55,,55,35,20,0.36363636363636365,35,20,18,0.6363636363636364,0.660377358490566,0.6481481481481481,11.25,7.75,16.375,35
C_alert_and_tcn,na,0.98,noaa,203,42,203,0.7142857142857143,0.2955665024630542,30,60,,27,25,2,0.0625,30,2,12,0.9375,0.7142857142857143,0.8108108108108109,2.291666666666667,1.1041666666666667,4.395833333333334,30
C_alert_and_tcn,na,0.98,manual,203,53,203,0.41509433962264153,0.6108374384236454,22,124,,27,22,5,0.18518518518518517,22,5,31,0.8148148148148148,0.41509433962264153,0.55,10.0,7.875,15.8125,22
A_tcn_only,na,0.99,noaa,217,42,217,0.9523809523809523,0.47465437788018433,40,103,,45,35,10,0.2,40,10,2,0.8,0.9523809523809523,0.8695652173913043,1.4583333333333333,0.3125,3.354166666666667,40
A_tcn_only,na,0.99,manual,217,53,217,0.6226415094339622,0.6682027649769585,33,145,,45,31,14,0.2978723404255319,33,14,20,0.7021276595744681,0.6226415094339622,0.66,10.0,7.25,16.0,33
B_gated_tcn,break,0.99,noaa,148,42,148,0.6666666666666666,0.32432432432432434,28,48,,26,24,2,0.06666666666666667,28,2,14,0.9333333333333333,0.6666666666666666,0.7777777777777778,2.7083333333333335,1.7291666666666665,7.375,28
B_gated_tcn,break,0.99,manual,148,53,148,0.41509433962264153,0.6554054054054054,22,97,,26,22,4,0.15384615384615385,22,4,31,0.8461538461538461,0.41509433962264153,0.5569620253164558,14.625,9.3125,18.3125,22
B_gated_tcn,skip,0.99,noaa,136,42,136,0.9047619047619048,0.3382352941176471,38,46,,54,36,18,0.32142857142857145,38,18,4,0.6785714285714286,0.9047619047619048,0.7755102040816326,1.125,0.020833333333333332,2.9791666666666665,38
B_gated_tcn,skip,0.99,manual,136,53,136,0.6037735849056604,0.5588235294117647,32,76,,54,34,20,0.38461538461538464,32,20,21,0.6153846153846154,0.6037735849056604,0.6095238095238096,9.625,7.125,15.4375,32
C_alert_and_tcn,na,0.99,noaa,187,42,187,0.7142857142857143,0.3155080213903743,30,59,,28,26,2,0.0625,30,2,12,0.9375,0.7142857142857143,0.8108108108108109,2.458333333333333,1.5,4.729166666666667,30
C_alert_and_tcn,na,0.99,manual,187,53,187,0.41509433962264153,0.6310160427807486,22,118,,28,23,5,0.18518518518518517,22,5,31,0.8148148148148148,0.41509433962264153,0.55,10.25,8.5625,15.8125,22
A_tcn_only,na,0.995,noaa,188,42,188,0.8571428571428571,0.4095744680851064,36,77,,37,31,6,0.14285714285714285,36,6,6,0.8571428571428571,0.8571428571428571,0.8571428571428571,2.125,1.1458333333333335,4.354166666666666,36
A_tcn_only,na,0.995,manual,188,53,188,0.5283018867924528,0.6329787234042553,28,119,,37,27,10,0.2631578947368421,28,10,25,0.7368421052631579,0.5283018867924528,0.6153846153846154,11.625,8.1875,16.9375,28
B_gated_tcn,break,0.995,noaa,132,42,132,0.6428571428571429,0.3333333333333333,27,44,,24,23,1,0.03571428571428571,27,1,15,0.9642857142857143,0.6428571428571429,0.7714285714285715,4.25,1.9583333333333335,8.583333333333332,27
B_gated_tcn,break,0.995,manual,132,53,132,0.39622641509433965,0.6666666666666666,21,88,,24,21,3,0.125,21,3,32,0.875,0.39622641509433965,0.5454545454545454,16.25,9.5,18.75,21
B_gated_tcn,skip,0.995,noaa,153,42,153,0.8571428571428571,0.3464052287581699,36,53,,45,33,12,0.25,36,12,6,0.75,0.8571428571428571,0.7999999999999999,1.75,0.9791666666666666,4.291666666666667,36
B_gated_tcn,skip,0.995,manual,153,53,153,0.5471698113207547,0.6078431372549019,29,93,,45,28,17,0.3695652173913043,29,17,24,0.6304347826086957,0.5471698113207547,0.5858585858585859,11.5,8.0,16.75,29
C_alert_and_tcn,na,0.995,noaa,171,42,171,0.6904761904761905,0.3157894736842105,29,54,,27,25,2,0.06451612903225806,29,2,13,0.9354838709677419,0.6904761904761905,0.7945205479452055,2.75,1.6666666666666667,6.583333333333333,29
C_alert_and_tcn,na,0.995,manual,171,53,171,0.39622641509433965,0.6491228070175439,21,111,,27,22,5,0.19230769230769232,21,5,32,0.8076923076923077,0.39622641509433965,0.5316455696202532,10.5,8.5,16.75,21
A_tcn_only,na,0.999,noaa,103,42,103,0.6904761904761905,0.3786407766990291,29,39,,28,25,3,0.09375,29,3,13,0.90625,0.6904761904761905,0.7837837837837837,5.333333333333333,3.1666666666666665,8.75,29
A_tcn_only,na,0.999,manual,103,53,103,0.37735849056603776,0.6990291262135923,20,72,,28,21,7,0.25925925925925924,20,7,33,0.7407407407407407,0.37735849056603776,0.5,14.625,9.9375,18.8125,20
B_gated_tcn,break,0.999,noaa,70,42,70,0.4523809523809524,0.34285714285714286,19,24,,20,18,2,0.09523809523809523,19,2,23,0.9047619047619048,0.4523809523809524,0.6031746031746031,9.083333333333334,6.166666666666666,13.375,19
B_gated_tcn,break,0.999,manual,70,53,70,0.2641509433962264,0.7,14,49,,20,14,6,0.3,14,6,39,0.7,0.2641509433962264,0.3835616438356165,19.5,11.5625,20.375,14
B_gated_tcn,skip,0.999,noaa,132,42,132,0.7142857142857143,0.36363636363636365,30,48,,30,27,3,0.09090909090909091,30,3,12,0.9090909090909091,0.7142857142857143,0.8,4.125,2.8125,6.291666666666667,30
B_gated_tcn,skip,0.999,manual,132,53,132,0.41509433962264153,0.6439393939393939,22,85,,30,23,7,0.2413793103448276,22,7,31,0.7586206896551724,0.41509433962264153,0.5365853658536586,12.625,9.75,17.0,22
C_alert_and_tcn,na,0.999,noaa,100,42,100,0.5238095238095238,0.39,22,39,,24,20,4,0.15384615384615385,22,4,20,0.8461538461538461,0.5238095238095238,0.6470588235294118,6.666666666666666,3.3333333333333335,10.645833333333334,22
C_alert_and_tcn,na,0.999,manual,100,53,100,0.2830188679245283,0.72,15,72,,24,15,9,0.375,15,9,38,0.625,0.2830188679245283,0.38961038961038963,18.5,9.25,20.25,15
