event_id,label_type,time,count,maglat,Bmag,in_saa,detector,channel,note
1,o,2021-10-28 16:00:00+00:00,1.6288888888888888,69.8,39982.6,False,metop03,omni_p6,
1,p,2021-10-28 22:15:00+00:00,93.79055555555556,-25.3,18677.0,True,metop03,omni_p6,
1,e,2021-11-04 16:30:00+00:00,0.1833333333333333,-21.7,29858.4,False,metop03,omni_p6,
2,o,2022-01-20 06:45:00+00:00,1.8066666666666669,44.2,32314.7,False,metop03,omni_p6,
2,p,2022-01-20 12:30:00+00:00,1152.03,0.1,17131.6,True,metop03,omni_p6,
2,e,2022-01-21 08:15:00+00:00,1.921111111111111,68.0,40693.2,False,metop03,omni_p6,
4,o,2022-03-28 10:30:00+00:00,1.1911111111111112,61.7,40979.7,False,metop03,omni_p6,
4,p,2022-03-28 16:00:00+00:00,15.14611111111111,24.6,25880.3,False,metop03,omni_p6,
4,e,2022-03-29 15:45:00+00:00,40.03888888888888,3.4,19479.4,True,metop03,omni_p6,
5,o,2022-03-30 22:45:00+00:00,195.3583333333333,-43.4,19572.1,True,metop03,omni_p6,
5,p,2022-03-31 08:30:00+00:00,4.084444444444444,-45.9,20247.5,True,metop03,omni_p6,
5,e,2022-04-01 04:00:00+00:00,1.7766666666666666,69.4,39927.7,False,metop03,omni_p6,
6,o,2022-04-02 07:30:00+00:00,5.976666666666668,12.2,24466.5,True,metop03,omni_p6,
6,p,2022-04-02 12:45:00+00:00,641.5411111111111,-14.9,16381.5,True,metop03,omni_p6,
6,e,2022-04-03 17:00:00+00:00,1.1755555555555557,82.8,40159.0,False,metop03,omni_p6,
7,o,2022-08-27 07:00:00+00:00,3.716666666666667,-32.3,21850.5,True,metop03,omni_p6,
7,p,2022-08-27 13:30:00+00:00,722.0555555555555,33.0,26435.5,False,metop03,omni_p6,
7,e,2022-08-28 05:00:00+00:00,1.208888888888889,-44.6,30274.4,False,metop03,omni_p6,
8,o,2023-02-24 20:00:00+00:00,0.7922222222222222,-80.9,41653.6,False,metop03,omni_p6,
8,p,2023-02-25 01:15:00+00:00,936.7916666666666,-50.4,22739.6,True,metop03,omni_p6,
8,e,2023-02-25 08:30:00+00:00,1.2866666666666666,42.6,32042.8,False,metop03,omni_p6,
9,o,2023-02-25 18:30:00+00:00,0.4911111111111111,12.3,25666.9,False,metop03,omni_p6,
9,p,2023-02-26 01:00:00+00:00,946.3877777777776,-29.6,17638.3,True,metop03,omni_p6,
9,e,2023-02-27 16:45:00+00:00,0.7344444444444445,34.8,30073.8,False,metop03,omni_p6,
10,o,2023-03-12 17:15:00+00:00,0.4033333333333333,38.9,31567.8,False,metop03,omni_p6,
11,p,2023-03-13 12:00:00+00:00,949.0033333333334,3.9,17845.9,True,metop03,omni_p6,
11,e,2023-03-16 17:00:00+00:00,1.6,77.1,39555.1,False,metop03,omni_p6,
12,o,2023-05-07 19:00:00+00:00,0.3766666666666667,8.4,23859.4,True,metop03,omni_p6,
12,p,2023-05-09 01:15:00+00:00,579.6716666666667,-13.0,16300.0,True,metop03,omni_p6,
12,e,2023-05-09 19:00:00+00:00,0.1688888888888889,22.5,24815.4,True,metop03,omni_p6,
13,o,2023-05-09 16:45:00+00:00,0.7622222222222222,33.7,35442.5,False,metop03,omni_p6,
13,p,2023-05-10 13:45:00+00:00,762.8322222222222,-7.2,16494.0,True,metop03,omni_p6,
13,e,2023-05-12 18:45:00+00:00,0.1777777777777777,-33.1,24917.1,True,metop03,omni_p6,
14,o,2023-07-17 18:30:00+00:00,0.1822222222222222,28.3,26814.1,False,metop03,omni_p6,
14,p,2023-07-18 02:00:00+00:00,896.9677777777778,-36.2,19324.3,True,metop03,omni_p6,
14,e,2023-07-21 08:00:00+00:00,0.4066666666666666,16.7,23429.0,True,metop03,omni_p6,
15,o,2023-07-28 12:15:00+00:00,0.2566666666666666,-4.0,25947.8,False,metop03,omni_p6,
15,p,2023-07-29 11:00:00+00:00,417.24444444444447,13.3,20119.2,True,metop03,omni_p6,
15,e,2023-08-02 05:30:00+00:00,0.5288888888888889,24.0,25566.2,False,metop03,omni_p6,
16,o,2023-08-05 02:45:00+00:00,0.48,25.0,25319.2,False,metop03,omni_p6,
16,p,2023-08-05 12:00:00+00:00,844.8927777777777,0.6,17491.0,True,metop03,omni_p6,
16,e,2023-08-07 21:15:00+00:00,0.1344444444444444,30.6,27378.9,False,metop03,omni_p6,
17,o,2023-08-07 17:00:00+00:00,0.2533333333333333,-45.8,34243.1,False,metop03,omni_p6,
17,p,2023-08-08 21:45:00+00:00,34.31444444444445,-28.6,18786.3,True,metop03,omni_p6,
17,e,2023-08-11 17:45:00+00:00,0.7477777777777778,53.2,37685.2,False,metop03,omni_p6,
18,o,2023-08-31 18:30:00+00:00,0.6255555555555555,-84.5,40640.3,False,metop03,omni_p6,
18,p,2023-09-01 01:30:00+00:00,1014.5944444444444,-30.3,17806.9,True,metop03,omni_p6,
18,e,2023-09-03 06:30:00+00:00,0.6311111111111111,70.6,41292.1,False,metop03,omni_p6,
19,o,2023-12-14 16:00:00+00:00,0.2088888888888888,-11.9,28067.6,False,metop03,omni_p6,
19,p,2023-12-15 18:45:00+00:00,0.7611111111111111,-66.7,32743.2,False,metop03,omni_p6,
19,e,2023-12-17 05:45:00+00:00,0.45,-21.3,25487.1,False,metop03,omni_p6,
20,o,2024-01-01 17:00:00+00:00,0.53,76.7,40238.8,False,metop03,omni_p6,
20,p,2024-01-04 01:45:00+00:00,934.85,-26.8,17350.4,True,metop03,omni_p6,
20,e,2024-01-10 17:15:00+00:00,0.5244444444444444,72.8,40189.1,False,metop03,omni_p6,
21,o,2024-01-28 18:15:00+00:00,0.5422222222222222,-43.5,32924.6,False,metop03,omni_p6,
21,p,2024-01-29 12:30:00+00:00,885.3766666666668,30.4,24523.0,True,metop03,omni_p6,
21,e,2024-02-01 06:15:00+00:00,0.2488888888888888,43.8,37728.5,False,metop03,omni_p6,
22,o,2024-02-09 05:30:00+00:00,0.4922222222222222,-30.7,27220.5,False,metop03,omni_p6,
23,p,2024-02-10 02:15:00+00:00,799.6322222222223,-43.2,21491.1,True,metop03,omni_p6,
23,e,2024-02-12 07:30:00+00:00,0.2088888888888888,40.8,34504.3,False,metop03,omni_p6,
24,o,2024-02-12 05:00:00+00:00,0.7033333333333334,-29.9,23900.0,True,metop03,omni_p6,
24,p,2024-02-13 01:15:00+00:00,976.8338888888889,-33.8,18328.4,True,metop03,omni_p6,
24,e,2024-02-20 09:15:00+00:00,19.167777777777776,19.8,24648.3,True,metop03,omni_p6,
25,o,2024-03-15 04:15:00+00:00,0.4944444444444444,32.7,29160.8,False,metop03,omni_p6,
25,p,2024-03-16 01:45:00+00:00,549.51,-63.0,27984.3,False,metop03,omni_p6,
25,e,2024-03-19 08:30:00+00:00,5.2844444444444445,29.9,28796.4,False,metop03,omni_p6,
26,o,2024-03-22 15:15:00+00:00,0.3377777777777778,1.7,27776.2,False,metop03,omni_p6,
26,p,2024-03-24 14:00:00+00:00,188.8705555555556,-62.7,32781.8,False,metop03,omni_p6,
26,e,2024-03-31 01:30:00+00:00,51.77055555555556,-77.5,33790.6,False,metop03,omni_p6,
27,o,2024-05-09 15:45:00+00:00,0.7122222222222222,81.6,39670.5,False,metop03,omni_p6,
27,p,2024-05-11 12:00:00+00:00,630.6605555555556,25.0,22537.1,True,metop03,omni_p6,
27,e,2024-05-13 11:00:00+00:00,0.7244444444444444,74.1,39687.3,False,metop03,omni_p6,
28,o,2024-05-13 07:15:00+00:00,0.6377777777777778,20.5,24155.7,True,metop03,omni_p6,
28,p,2024-05-14 01:30:00+00:00,915.8272222222222,-42.7,20523.6,True,metop03,omni_p6,
28,e,2024-05-19 18:30:00+00:00,0.1722222222222222,-21.7,24301.0,True,metop03,omni_p6,
29,o,2024-06-07 16:15:00+00:00,1.4088888888888889,-9.8,19689.4,True,metop03,omni_p6,
29,p,2024-06-08 08:30:00+00:00,479.5472222222222,55.7,37417.0,False,metop03,omni_p6,
29,e,2024-06-11 22:45:00+00:00,0.8200000000000001,86.2,39902.0,False,metop03,omni_p6,
30,o,2024-07-22 16:45:00+00:00,0.5688888888888889,46.9,38407.1,False,metop03,omni_p6,
30,p,2024-07-23 12:00:00+00:00,640.2172222222222,-8.7,16888.8,True,metop03,omni_p6,
30,e,2024-07-26 18:00:00+00:00,0.6655555555555555,-73.1,40351.5,False,metop03,omni_p6,
31,o,2024-08-05 06:15:00+00:00,0.3333333333333333,-52.9,32387.6,False,metop03,omni_p6,
31,p,2024-08-05 21:30:00+00:00,24.401666666666667,-48.9,21106.5,True,metop03,omni_p6,
31,e,2024-08-07 06:15:00+00:00,0.5888888888888889,73.1,41050.4,False,metop03,omni_p6,
32,o,2024-09-01 05:15:00+00:00,0.3744444444444444,-53.9,30358.2,False,metop03,omni_p6,
32,p,2024-09-03 12:45:00+00:00,3.1666666666666665,-53.0,25833.2,False,metop03,omni_p6,
32,e,2024-09-06 16:15:00+00:00,0.4133333333333333,55.7,37298.8,False,metop03,omni_p6,
33,o,2024-09-08 18:30:00+00:00,0.6322222222222222,36.5,33153.3,False,metop03,omni_p6,
33,p,2024-09-10 00:45:00+00:00,1.2916666666666667,15.4,19769.3,True,metop03,omni_p6,
33,e,2024-09-11 05:30:00+00:00,0.4022222222222222,19.4,24002.5,True,metop03,omni_p6,
36,o,2024-09-14 08:15:00+00:00,0.4566666666666667,67.8,40271.8,False,metop03,omni_p6,
36,p,2024-09-17 12:30:00+00:00,529.8677777777777,35.6,26493.0,False,metop03,omni_p6,
36,e,2024-09-21 05:15:00+00:00,0.5233333333333333,-8.2,20342.9,True,metop03,omni_p6,
37,o,2024-10-07 16:45:00+00:00,0.4133333333333333,19.5,30927.8,False,metop03,omni_p6,
37,p,2024-10-10 01:45:00+00:00,707.91,-56.2,25292.0,False,metop03,omni_p6,
37,e,2024-10-12 16:30:00+00:00,0.1333333333333333,-22.0,30016.4,False,metop03,omni_p6,
38,o,2024-10-24 04:30:00+00:00,0.2855555555555555,48.0,41064.3,False,metop03,omni_p6,
38,p,2024-10-28 02:15:00+00:00,683.5105555555555,-49.6,23534.2,True,metop03,omni_p6,
38,e,2024-11-05 13:15:00+00:00,,71.2,41194.1,False,metop03,omni_p6,
39,o,2024-11-21 16:15:00+00:00,0.4111111111111111,23.5,33086.2,False,metop03,omni_p6,
39,p,2024-11-22 02:00:00+00:00,827.1905555555555,-41.0,20495.5,True,metop03,omni_p6,
39,e,2024-11-25 08:30:00+00:00,0.3055555555555556,57.5,37551.0,False,metop03,omni_p6,
40,o,2024-12-20 16:00:00+00:00,0.1577777777777777,-30.8,33647.1,False,metop03,omni_p6,
40,p,2024-12-22 02:00:00+00:00,1.6411111111111112,32.5,27429.0,False,metop03,omni_p6,
40,e,2024-12-28 18:45:00+00:00,0.5633333333333332,77.4,39258.1,False,metop03,omni_p6,
41,o,2025-01-04 15:45:00+00:00,0.21,-46.2,38377.2,False,metop03,omni_p6,
41,p,2025-01-05 01:45:00+00:00,668.2422222222223,-56.6,25442.1,False,metop03,omni_p6,
41,e,2025-01-07 00:30:00+00:00,0.2822222222222222,-4.8,26203.1,False,metop03,omni_p6,
42,o,2025-02-24 15:00:00+00:00,0.2122222222222222,-7.4,27902.6,False,metop03,omni_p6,
42,p,2025-02-25 01:00:00+00:00,655.9811111111111,-18.4,16573.4,True,metop03,omni_p6,
42,e,2025-02-27 17:30:00+00:00,0.55,77.1,40655.7,False,metop03,omni_p6,
43,o,2025-03-30 04:30:00+00:00,1.231111111111111,-52.7,28436.8,False,metop03,omni_p6,
43,p,2025-04-01 02:30:00+00:00,15.967222222222222,29.1,26642.4,False,metop03,omni_p6,
43,e,2025-04-04 06:15:00+00:00,0.1844444444444444,-31.0,26803.9,False,metop03,omni_p6,
44,o,2025-05-31 04:45:00+00:00,0.4566666666666666,-61.0,30974.4,False,metop03,omni_p6,
44,p,2025-06-01 09:30:00+00:00,57.66944444444445,-62.5,39810.1,False,metop03,omni_p6,
44,e,2025-06-08 11:30:00+00:00,538.2972222222222,24.2,22456.1,True,metop03,omni_p6,
45,o,2025-08-21 19:15:00+00:00,0.3455555555555555,58.2,37267.1,False,metop03,omni_p6,
45,p,2025-08-26 08:30:00+00:00,34.28111111111112,5.3,22246.2,True,metop03,omni_p6,
45,e,2025-09-02 20:00:00+00:00,0.48777777777777775,83.1,40435.1,False,metop03,omni_p6,
46,o,2025-11-10 05:00:00+00:00,0.5155555555555555,-63.8,31213.9,False,metop03,omni_p6,
46,p,2025-11-12 01:15:00+00:00,761.2088888888889,-40.8,19787.6,True,metop03,omni_p6,
46,e,2025-11-17 06:00:00+00:00,0.5766666666666667,-71.3,30385.5,False,metop03,omni_p6,
48,o,2025-05-13 06:30:00+00:00,0.5522222222222222,43.1,31832.7,False,metop03,omni_p6,
48,p,2025-05-13 23:00:00+00:00,156.7572222222222,-37.2,18558.3,True,metop03,omni_p6,
48,e,2025-05-14 18:30:00+00:00,0.1855555555555555,31.8,28043.7,False,metop03,omni_p6,
49,o,2024-06-11 17:00:00+00:00,0.6811111111111111,-71.7,38972.5,False,metop03,omni_p6,
49,p,2024-06-12 12:45:00+00:00,1123.4361111111111,4.2,17492.4,True,metop03,omni_p6,
49,e,2024-06-15 19:45:00+00:00,0.4511111111111111,82.2,40491.1,False,metop03,omni_p6,
50,o,2024-05-20 02:30:00+00:00,6.644444444444445,-74.5,38848.2,False,metop03,omni_p6,
50,p,2024-05-21 00:45:00+00:00,819.3199999999999,-42.3,19904.6,True,metop03,omni_p6,
50,e,2024-05-25 02:00:00+00:00,0.1744444444444444,17.2,31322.0,False,metop03,omni_p6,
52,o,2025-10-21 16:00:00+00:00,0.2966666666666667,6.6,28077.8,False,metop03,omni_p6,
52,p,2025-10-22 11:00:00+00:00,0.8733333333333333,72.4,38819.5,False,metop03,omni_p6,
52,e,2025-10-26 23:30:00+00:00,0.3388888888888888,-12.7,27413.2,False,metop03,omni_p6,
53,o,2025-11-04 19:00:00+00:00,0.7422222222222222,-73.8,41202.3,False,metop03,omni_p6,
53,p,2025-11-05 13:15:00+00:00,975.1977777777778,2.8,17236.3,True,metop03,omni_p6,
53,e,2025-11-06 18:45:00+00:00,0.1488888888888889,-11.4,22886.7,True,metop03,omni_p6,
54,o,2024-09-23 17:45:00+00:00,0.64,-88.0,40022.9,False,metop03,omni_p6,
54,p,2024-09-24 12:15:00+00:00,0.9755555555555556,-67.4,33138.5,False,metop03,omni_p6,
54,e,2024-09-26 18:00:00+00:00,0.32,-8.9,21606.8,True,metop03,omni_p6,
55,o,2024-01-22 06:15:00+00:00,0.5077777777777778,65.3,41319.4,False,metop03,omni_p6,
55,p,2024-01-22 15:15:00+00:00,0.73,-32.5,22707.1,True,metop03,omni_p6,
55,e,2024-01-23 06:00:00+00:00,0.2433333333333333,47.1,39011.7,False,metop03,omni_p6,
56,o,2023-07-24 16:45:00+00:00,0.3877777777777778,-62.7,38311.0,False,metop03,omni_p6,
56,p,2023-07-25 12:00:00+00:00,1.57,72.6,40764.1,False,metop03,omni_p6,
56,e,2023-07-28 15:30:00+00:00,0.1411111111111111,-32.3,34894.6,False,metop03,omni_p6,
58,o,2023-07-10 06:00:00+00:00,0.9766666666666668,-34.8,25395.6,False,metop03,omni_p6,
58,p,2023-07-10 21:15:00+00:00,0.9977777777777778,-43.0,37301.2,False,metop03,omni_p6,
58,e,2023-07-11 15:00:00+00:00,0.7055555555555556,33.6,37848.5,False,metop03,omni_p6,
59,o,2022-07-09 06:15:00+00:00,0.3388888888888888,4.6,21202.5,True,metop03,omni_p6,
59,p,2022-07-09 14:00:00+00:00,217.8211111111111,-21.9,17551.0,True,metop03,omni_p6,
59,e,2022-07-10 07:15:00+00:00,0.5911111111111111,-63.6,35788.4,False,metop03,omni_p6,
60,o,2021-05-28 17:15:00+00:00,0.9533333333333333,80.6,40354.1,False,metop03,omni_p6,
60,p,2021-05-29 01:00:00+00:00,1039.5277777777778,-33.8,18319.3,True,metop03,omni_p6,
60,e,2021-05-30 05:00:00+00:00,0.2366666666666666,7.8,27416.1,False,metop03,omni_p6,
61,o,2020-11-29 23:45:00+00:00,545.6049425287357,-27.9,17856.0,True,metop03,omni_p6,
61,p,2020-12-01 01:00:00+00:00,1011.4983333333332,-45.2,20952.4,True,metop03,omni_p6,
61,e,2020-12-03 21:45:00+00:00,0.86,-20.2,28871.5,False,metop03,omni_p6,
