phys_ts,ai_pub_wall_ts,ap_state,status,alert_transport_ms,preproc_ms,infer_ms,activation_total_ms,per_model_ms,n_models,p_event,y_pred
1641863700.0,1786271186.674565,PRE_ALERT,INSUFFICIENT_DATA,0.978,0.0123,0.0,0.0986,[],1,,
1641869100.0,1786271187.424756,PRE_ALERT,INSUFFICIENT_DATA,1.222,0.0067,0.0,0.0845,[],1,,
1641891600.0,1786271190.5583587,PRE_ALERT,OK,1.233,1.2007,7.2897,8.6451,[6.6195],1,0.2693178057670593,0
1641903300.0,1786271192.1808372,PRE_ALERT,OK,1.256,0.8423,4.0467,4.9991,[3.5154],1,0.2363550066947937,0
1641909600.0,1786271193.054743,PRE_ALERT,OK,1.033,0.5574,4.2705,4.943,[3.8253],1,0.15687406063079834,0
1641948300.0,1786271198.4300053,PRE_ALERT,OK,1.354,0.5782,3.8908,4.5637,[3.5486],1,0.22534584999084473,0
1641954600.0,1786271199.3061163,PRE_ALERT,OK,1.092,0.4468,6.1596,6.7623,[5.5591],1,0.20434802770614624,0
1641982500.0,1786271203.1831741,PRE_ALERT,OK,1.516,0.7589,5.9981,6.893,[5.4313],1,0.17127591371536255,0
1641988800.0,1786271204.0560737,PRE_ALERT,OK,1.093,0.4427,6.027,6.6109,[5.4711],1,0.13405144214630127,0
1641995100.0,1786271204.931904,PRE_ALERT,OK,0.812,0.4788,7.1973,7.8226,[6.6502],1,0.1602122187614441,0
1642027500.0,1786271209.4313967,PRE_ALERT,OK,0.844,0.3549,5.7279,6.1905,[5.3042],1,0.19856983423233032,0
1642033800.0,1786271210.304592,PRE_ALERT,OK,0.528,0.3736,5.5969,6.089,[5.1193],1,0.1860831379890442,0
1642068000.0,1786271215.0560772,PRE_ALERT,OK,1.136,0.441,6.1542,6.7605,[5.5341],1,0.1710376739501953,0
1642079700.0,1786271216.6806931,PRE_ALERT,OK,1.076,0.6492,5.5747,6.343,[5.0978],1,0.2195565104484558,0
1642086000.0,1786271217.5574846,PRE_ALERT,OK,1.252,0.6722,6.4616,7.2768,[5.8623],1,0.12804800271987915,0
1642113000.0,1786271221.3059192,PRE_ALERT,OK,1.23,0.6437,5.0026,5.7608,[4.5545],1,0.2137739062309265,0
1642124700.0,1786271222.9307494,PRE_ALERT,OK,0.806,0.485,5.7642,6.3863,[5.2101],1,0.1778622269630432,0
1642131000.0,1786271223.8056624,PRE_ALERT,OK,0.827,0.3497,5.8585,6.3282,[5.1446],1,0.17411047220230103,0
1642158900.0,1786271227.680978,PRE_ALERT,OK,0.97,0.6321,4.4273,5.1738,[3.9643],1,0.19476819038391113,0
1642165200.0,1786271228.5559187,PRE_ALERT,OK,1.668,0.5797,4.6295,5.321,[4.1877],1,0.15923351049423218,0
1642203900.0,1786271233.9307182,PRE_ALERT,OK,1.057,0.5585,4.3917,5.0613,[3.9524],1,0.21356678009033203,0
1642210200.0,1786271234.8071005,PRE_ALERT,OK,1.851,0.6901,5.3617,6.1925,[4.7893],1,0.16652911901474,0
1642238100.0,1786271238.6819823,PRE_ALERT,OK,2.199,0.6051,5.034,5.7548,[4.6024],1,0.09740769863128662,0
1642244400.0,1786271239.5559304,PRE_ALERT,OK,1.104,0.4498,6.0045,6.6185,[5.4152],1,0.15650027990341187,0
1642256100.0,1786271241.1824567,PRE_ALERT,OK,1.703,0.7593,5.8858,6.7768,[5.294],1,0.23272430896759033,0
1642283100.0,1786271244.9302864,PRE_ALERT,OK,1.216,0.5172,5.5132,6.1476,[4.9959],1,0.23550289869308472,0
1642289400.0,1786271245.8055787,PRE_ALERT,OK,1.367,0.4711,6.1564,6.7789,[5.568],1,0.15974581241607666,0
1642294800.0,1786271246.5556133,PRE_ALERT,OK,1.038,0.4479,5.8627,6.4539,[5.2825],1,0.1484350562095642,0
1642301100.0,1786271247.4308197,PRE_ALERT,OK,0.991,0.5787,4.8631,5.5539,[4.4231],1,0.17968934774398804,0
1642335300.0,1786271252.180428,PRE_ALERT,OK,1.073,0.5852,4.6303,5.3633,[4.1136],1,0.14045828580856323,0
1642341600.0,1786271253.0572433,PRE_ALERT,OK,1.068,0.6849,4.954,5.7634,[4.4055],1,0.11083817481994629,0
1642374000.0,1786271257.5559664,PRE_ALERT,OK,1.212,0.4571,6.1345,6.7447,[5.53],1,0.21845126152038574,0
1642380300.0,1786271258.431403,PRE_ALERT,OK,1.081,0.5164,6.0089,6.6385,[5.4732],1,0.1984904408454895,0
1642386600.0,1786271259.3056734,PRE_ALERT,OK,1.292,0.6669,5.3775,6.178,[4.8008],1,0.1606411337852478,0
1642414500.0,1786271263.1795046,PRE_ALERT,OK,1.028,0.5661,4.0507,4.6902,[3.695],1,0.11072099208831787,0
1642420800.0,1786271264.0557148,PRE_ALERT,OK,1.553,0.6619,4.4941,5.2691,[4.0482],1,0.14816057682037354,0
1642432500.0,1786271265.6803946,PRE_ALERT,OK,1.004,0.5667,4.3862,5.0538,[4.0169],1,0.1790120005607605,0
1642453200.0,1786271268.55475,PRE_ALERT,OK,1.005,0.4433,4.9605,5.5254,[4.4757],1,0.14982479810714722,0
1642459500.0,1786271269.430334,PRE_ALERT,OK,0.844,0.5593,4.3914,5.0684,[3.8845],1,0.18335622549057007,0
1642465800.0,1786271270.3050935,PRE_ALERT,OK,0.918,0.4366,4.9585,5.5098,[4.4984],1,0.11589103937149048,0
1642471200.0,1786271271.0594223,PRE_ALERT,OK,2.555,0.6882,7.7807,8.6429,[7.1745],1,0.12002277374267578,0
1642477500.0,1786271271.9301834,PRE_ALERT,OK,1.372,0.5012,5.2699,5.8819,[4.8124],1,0.1576341986656189,0
1642505400.0,1786271275.8048308,PRE_ALERT,OK,0.998,0.4413,5.7945,6.3938,[5.1648],1,0.26446908712387085,0
1642511700.0,1786271276.6803305,PRE_ALERT,OK,0.915,0.4386,5.6538,6.2044,[5.1678],1,0.12147420644760132,0
1642518000.0,1786271277.5564039,PRE_ALERT,OK,1.356,0.4465,6.013,6.6043,[5.4176],1,0.11342853307723999,0
1642550400.0,1786271282.0571482,PRE_ALERT,OK,1.051,0.4409,6.1073,6.7103,[5.4825],1,0.207463800907135,0
1642556700.0,1786271282.9318972,PRE_ALERT,OK,1.309,0.5621,5.4513,6.1243,[5.0088],1,0.18471699953079224,0
1642563000.0,1786271283.8072217,PRE_ALERT,OK,1.171,0.4387,7.4331,8.0243,[6.545],1,0.17918932437896729,0
1642590900.0,1786271287.6802344,PRE_ALERT,OK,0.726,0.5615,5.1122,5.7878,[4.7069],1,0.1492983102798462,0
1642597200.0,1786271288.557085,PRE_ALERT,OK,1.723,0.4446,6.3238,6.9225,[5.6476],1,0.1499568223953247,0
1642629600.0,1786271293.0547023,PRE_ALERT,OK,0.572,0.7679,4.3483,5.2263,[3.9108],1,0.15053659677505493,0
1642635900.0,1786271293.933186,PRE_ALERT,OK,1.773,0.5242,7.0174,7.6964,[6.2813],1,0.17973542213439941,0
1642642200.0,1786271294.8081918,PRE_ALERT,OK,0.979,1.0619,7.2193,8.4012,[6.7937],1,0.18127697706222534,0
1642647600.0,1786271295.5586522,PRE_ALERT,OK,2.935,0.6424,4.9822,5.7473,[4.3114],1,0.1740749478340149,0
1642664700.0,1786271297.9328492,PRE_ALERT,OK,1.761,0.4649,6.2369,6.8507,[5.5909],1,0.5128871500492096,1
1642670100.0,1786271298.6831803,PRE_ALERT,OK,1.074,0.6716,7.0489,7.8487,[5.882],1,0.9789572898298502,1
1642671000.0,1786271298.806448,PRE_ALERT,OK,1.328,0.5671,4.7559,5.4321,[4.3263],1,0.9981806742725894,1
1642676400.0,1786271299.5559328,PRE_ALERT,OK,0.986,0.4829,5.1445,5.7426,[4.6465],1,0.9986836591269821,1
1642677300.0,1786271299.6814134,PRE_ALERT,OK,0.651,0.6917,5.5974,6.398,[5.1743],1,0.9986316992435604,1
1642680900.0,1786271300.181244,PRE_ALERT,OK,1.38,0.5931,4.0675,4.7748,[3.5829],1,0.9993134599644691,1
1642681800.0,1786271300.3065174,PRE_ALERT,OK,1.179,0.5557,4.3084,4.9631,[3.8343],1,0.9923046189360321,1
1642682700.0,1786271300.4314957,ALERT,OK,1.538,0.4975,5.1465,5.7516,[4.6536],1,0.9998993947519921,1
1642687200.0,1786271301.057167,PRE_ALERT,OK,0.996,0.4364,6.3191,6.8904,[5.795],1,0.9998756721324753,1
1642688100.0,1786271301.1814313,PRE_ALERT,OK,1.276,0.3314,5.0645,5.5066,[4.6785],1,0.9997576119203586,1
1642689000.0,1786271301.3055086,ALERT,OK,1.008,0.561,4.0698,4.7364,[3.6532],1,0.9999771629009047,1
1642726800.0,1786271306.5577106,PRE_ALERT,OK,1.448,0.6178,4.1632,4.8898,[3.6599],1,0.9728352297097445,1
1642733100.0,1786271307.4319093,PRE_ALERT,OK,0.803,0.4366,5.769,6.3776,[5.2407],1,0.9490767903625965,1
1642761000.0,1786271311.3080473,PRE_ALERT,OK,1.344,0.5069,6.9778,7.6596,[6.2693],1,0.1795492172241211,0
1642767300.0,1786271312.1839652,PRE_ALERT,OK,1.8,1.4868,5.2983,6.986,[4.6742],1,0.355438232421875,0
1642773600.0,1786271313.0560267,PRE_ALERT,OK,0.708,0.4442,5.7545,6.3579,[5.1979],1,0.6759091019630432,1
1642806000.0,1786271317.558415,PRE_ALERT,OK,1.458,0.5525,6.7938,7.5017,[6.1949],1,0.2530299425125122,0
1642812300.0,1786271318.432325,PRE_ALERT,OK,1.082,0.4484,6.322,6.8988,[5.8243],1,0.20299941301345825,0
1642840200.0,1786271322.306891,PRE_ALERT,OK,0.817,0.3879,5.787,6.2968,[5.334],1,0.1171838641166687,0
1642858200.0,1786271324.8061419,PRE_ALERT,OK,0.841,0.4489,5.7396,6.3057,[5.3049],1,0.18010836839675903,0
1642864500.0,1786271325.6839628,PRE_ALERT,OK,1.509,0.6692,6.0451,6.8487,[5.4709],1,0.1062731146812439,0
1642903200.0,1786271331.0563543,PRE_ALERT,OK,0.744,0.5805,5.1508,5.8382,[4.7042],1,0.14112603664398193,0
1642909500.0,1786271331.9317858,PRE_ALERT,OK,0.558,0.4334,6.4805,7.0652,[5.9007],1,0.15863919258117676,0
1642937400.0,1786271335.8082578,PRE_ALERT,OK,1.435,0.6774,6.1661,6.9733,[5.614],1,0.18124312162399292,0
1642943700.0,1786271336.6818888,PRE_ALERT,OK,1.038,0.7617,4.3121,5.1497,[3.9547],1,0.1824488639831543,0
1642982400.0,1786271342.057376,PRE_ALERT,OK,0.646,0.347,6.1734,6.6428,[5.7596],1,0.1693442463874817,0
1642988700.0,1786271342.9312754,PRE_ALERT,OK,1.124,0.4382,5.4977,6.0534,[4.9821],1,0.1623227596282959,0
1643016600.0,1786271346.807401,PRE_ALERT,OK,1.656,0.6769,5.3497,6.1552,[4.8158],1,0.16145306825637817,0
1643022900.0,1786271347.6828132,PRE_ALERT,OK,1.23,0.6899,4.6956,5.5013,[4.1621],1,0.24742406606674194,0
1643028300.0,1786271348.4327698,PRE_ALERT,OK,1.157,0.4434,6.6503,7.249,[6.0155],1,0.1753259301185608,0
1643034600.0,1786271349.3068624,PRE_ALERT,OK,1.043,0.4866,5.9334,6.5435,[5.4458],1,0.13921290636062622,0
1643067900.0,1786271353.932015,PRE_ALERT,OK,0.849,0.5819,5.1264,5.8263,[4.66],1,0.17005527019500732,0
1643073300.0,1786271354.681615,PRE_ALERT,OK,0.981,0.8952,6.0715,7.1001,[5.3748],1,0.14233684539794922,0
1643079600.0,1786271355.5559096,PRE_ALERT,OK,0.874,0.5632,4.145,4.7934,[3.7842],1,0.13857167959213257,0
1643107500.0,1786271359.4324682,PRE_ALERT,OK,1.261,0.672,5.3129,6.1143,[4.7587],1,0.19939512014389038,0
1643113800.0,1786271360.306148,PRE_ALERT,OK,1.099,0.5793,4.7566,5.4604,[4.2243],1,0.16780543327331543,0
1643120100.0,1786271361.181232,PRE_ALERT,OK,1.049,0.5642,5.5725,6.262,[5.062],1,0.21191006898880005,0
1643152500.0,1786271365.6817741,PRE_ALERT,OK,1.216,0.4672,6.0371,6.6627,[5.5631],1,0.17160487174987793,0
1643158800.0,1786271366.5559056,PRE_ALERT,OK,0.983,0.4431,5.4134,5.9777,[4.936],1,0.16596031188964844,0
1643165100.0,1786271367.431088,PRE_ALERT,OK,1.16,0.6111,4.3317,5.0285,[3.9615],1,0.14820116758346558,0
1643193000.0,1786271371.3056917,PRE_ALERT,OK,0.778,0.7078,4.9584,5.7783,[4.3226],1,0.28772473335266113,0
1643199300.0,1786271372.1814065,PRE_ALERT,OK,1.207,0.7615,5.9913,7.0474,[5.4112],1,0.24999308586120605,0
1643204700.0,1786271372.9323714,PRE_ALERT,OK,1.316,0.6574,4.5715,5.3262,[4.0975],1,0.18128138780593872,0
1643211000.0,1786271373.8050292,PRE_ALERT,OK,0.748,0.5755,3.7989,4.4832,[3.3942],1,0.13653510808944702,0
1643231700.0,1786271376.6802773,PRE_ALERT,OK,0.858,0.574,4.3902,5.0746,[3.8877],1,0.15854614973068237,0
1643238000.0,1786271377.5565944,PRE_ALERT,OK,0.881,0.3489,5.5653,6.0246,[5.1185],1,0.1663838028907776,0
